Sample	Ref_Epa_from_V583_fai-gene-cluster-1	t10_fai-gene-cluster-1	t11_fai-gene-cluster-1	t12_fai-gene-cluster-1	t13_fai-gene-cluster-1	t14_fai-gene-cluster-1	t15_fai-gene-cluster-1	t16_fai-gene-cluster-1	t17_fai-gene-cluster-1	t18_fai-gene-cluster-1	t19_fai-gene-cluster-1	t1_fai-gene-cluster-1	t20_fai-gene-cluster-1	t21_fai-gene-cluster-1	t22_fai-gene-cluster-1	t23_fai-gene-cluster-1	t24_fai-gene-cluster-1	t25_fai-gene-cluster-1	t26_fai-gene-cluster-1	t27_fai-gene-cluster-1	t28_fai-gene-cluster-1	t29_fai-gene-cluster-1	t2_fai-gene-cluster-1	t30_fai-gene-cluster-1	t3_fai-gene-cluster-1	t4_fai-gene-cluster-1	t5_fai-gene-cluster-1	t6_fai-gene-cluster-1	t7_fai-gene-cluster-1	t8_fai-gene-cluster-1	t9_fai-gene-cluster-1
OG_1	Ref_Epa_from_V583_fai-gene-cluster-1|AAB_000107		t11_fai-gene-cluster-1|AAV_000133, t11_fai-gene-cluster-1|AAV_000134		t13_fai-gene-cluster-1|AAT_000134	t14_fai-gene-cluster-1|AAD_000172, t14_fai-gene-cluster-1|AAD_000173	t15_fai-gene-cluster-1|AAQ_000167, t15_fai-gene-cluster-1|AAQ_000168	t16_fai-gene-cluster-1|ABA_000156	t17_fai-gene-cluster-1|AAO_000187	t18_fai-gene-cluster-1|AAY_000125	t19_fai-gene-cluster-1|AAR_000167	t1_fai-gene-cluster-1|AAI_000117	t20_fai-gene-cluster-1|AAN_000121	t21_fai-gene-cluster-1|AAS_000149	t22_fai-gene-cluster-1|AAU_000158	t23_fai-gene-cluster-1|ABC_000114	t24_fai-gene-cluster-1|AAH_000127	t25_fai-gene-cluster-1|AAG_000131	t26_fai-gene-cluster-1|AAM_000176	t27_fai-gene-cluster-1|AAP_000157	t28_fai-gene-cluster-1|AAF_000121	t29_fai-gene-cluster-1|ABE_000160	t2_fai-gene-cluster-1|AAJ_000145	t30_fai-gene-cluster-1|AAL_000128	t3_fai-gene-cluster-1|AAK_000155	t4_fai-gene-cluster-1|ABD_000177	t5_fai-gene-cluster-1|AAW_000155	t6_fai-gene-cluster-1|AAX_000129	t7_fai-gene-cluster-1|AAC_000132	t8_fai-gene-cluster-1|AAE_000181	t9_fai-gene-cluster-1|AAZ_000125
OG_2	Ref_Epa_from_V583_fai-gene-cluster-1|AAB_000113	t10_fai-gene-cluster-1|ABB_000153	t11_fai-gene-cluster-1|AAV_000144	t12_fai-gene-cluster-1|AAA_000131	t13_fai-gene-cluster-1|AAT_000144	t14_fai-gene-cluster-1|AAD_000184	t15_fai-gene-cluster-1|AAQ_000176	t16_fai-gene-cluster-1|ABA_000167	t17_fai-gene-cluster-1|AAO_000197	t18_fai-gene-cluster-1|AAY_000135	t19_fai-gene-cluster-1|AAR_000179	t1_fai-gene-cluster-1|AAI_000125	t20_fai-gene-cluster-1|AAN_000129	t21_fai-gene-cluster-1|AAS_000159	t22_fai-gene-cluster-1|AAU_000168	t23_fai-gene-cluster-1|ABC_000122	t24_fai-gene-cluster-1|AAH_000135	t25_fai-gene-cluster-1|AAG_000141	t26_fai-gene-cluster-1|AAM_000183	t27_fai-gene-cluster-1|AAP_000168	t28_fai-gene-cluster-1|AAF_000129	t29_fai-gene-cluster-1|ABE_000167	t2_fai-gene-cluster-1|AAJ_000157	t30_fai-gene-cluster-1|AAL_000138	t3_fai-gene-cluster-1|AAK_000162	t4_fai-gene-cluster-1|ABD_000187	t5_fai-gene-cluster-1|AAW_000162	t6_fai-gene-cluster-1|AAX_000141	t7_fai-gene-cluster-1|AAC_000142	t8_fai-gene-cluster-1|AAE_000191	t9_fai-gene-cluster-1|AAZ_000133
OG_3		t10_fai-gene-cluster-1|ABB_000154	t11_fai-gene-cluster-1|AAV_000145			t14_fai-gene-cluster-1|AAD_000186	t15_fai-gene-cluster-1|AAQ_000178	t16_fai-gene-cluster-1|ABA_000168	t17_fai-gene-cluster-1|AAO_000199	t18_fai-gene-cluster-1|AAY_000136	t19_fai-gene-cluster-1|AAR_000181			t21_fai-gene-cluster-1|AAS_000161			t24_fai-gene-cluster-1|AAH_000137			t27_fai-gene-cluster-1|AAP_000171	t28_fai-gene-cluster-1|AAF_000131		t2_fai-gene-cluster-1|AAJ_000158	t30_fai-gene-cluster-1|AAL_000140				t6_fai-gene-cluster-1|AAX_000143		t8_fai-gene-cluster-1|AAE_000193	t9_fai-gene-cluster-1|AAZ_000135
OG_4	Ref_Epa_from_V583_fai-gene-cluster-1|AAB_000114	t10_fai-gene-cluster-1|ABB_000155	t11_fai-gene-cluster-1|AAV_000146	t12_fai-gene-cluster-1|AAA_000132	t13_fai-gene-cluster-1|AAT_000146	t14_fai-gene-cluster-1|AAD_000187	t15_fai-gene-cluster-1|AAQ_000179	t16_fai-gene-cluster-1|ABA_000169	t17_fai-gene-cluster-1|AAO_000200	t18_fai-gene-cluster-1|AAY_000137	t19_fai-gene-cluster-1|AAR_000182	t1_fai-gene-cluster-1|AAI_000127	t20_fai-gene-cluster-1|AAN_000131	t21_fai-gene-cluster-1|AAS_000162	t22_fai-gene-cluster-1|AAU_000170	t23_fai-gene-cluster-1|ABC_000124	t24_fai-gene-cluster-1|AAH_000138	t25_fai-gene-cluster-1|AAG_000143	t26_fai-gene-cluster-1|AAM_000185	t27_fai-gene-cluster-1|AAP_000172	t28_fai-gene-cluster-1|AAF_000132	t29_fai-gene-cluster-1|ABE_000169	t2_fai-gene-cluster-1|AAJ_000159	t30_fai-gene-cluster-1|AAL_000141	t3_fai-gene-cluster-1|AAK_000164	t4_fai-gene-cluster-1|ABD_000190	t5_fai-gene-cluster-1|AAW_000164	t6_fai-gene-cluster-1|AAX_000144	t7_fai-gene-cluster-1|AAC_000144	t8_fai-gene-cluster-1|AAE_000194	t9_fai-gene-cluster-1|AAZ_000136
OG_5	Ref_Epa_from_V583_fai-gene-cluster-1|AAB_000115	t10_fai-gene-cluster-1|ABB_000156	t11_fai-gene-cluster-1|AAV_000147	t12_fai-gene-cluster-1|AAA_000133, t12_fai-gene-cluster-1|AAA_000134	t13_fai-gene-cluster-1|AAT_000147	t14_fai-gene-cluster-1|AAD_000188	t15_fai-gene-cluster-1|AAQ_000180	t16_fai-gene-cluster-1|ABA_000170	t17_fai-gene-cluster-1|AAO_000201	t18_fai-gene-cluster-1|AAY_000138	t19_fai-gene-cluster-1|AAR_000183, t19_fai-gene-cluster-1|AAR_000184	t1_fai-gene-cluster-1|AAI_000128	t20_fai-gene-cluster-1|AAN_000132	t21_fai-gene-cluster-1|AAS_000163	t22_fai-gene-cluster-1|AAU_000171	t23_fai-gene-cluster-1|ABC_000125	t24_fai-gene-cluster-1|AAH_000139	t25_fai-gene-cluster-1|AAG_000144	t26_fai-gene-cluster-1|AAM_000186	t27_fai-gene-cluster-1|AAP_000173	t28_fai-gene-cluster-1|AAF_000133	t29_fai-gene-cluster-1|ABE_000170	t2_fai-gene-cluster-1|AAJ_000160	t30_fai-gene-cluster-1|AAL_000142	t3_fai-gene-cluster-1|AAK_000165	t4_fai-gene-cluster-1|ABD_000191, t4_fai-gene-cluster-1|ABD_000192	t5_fai-gene-cluster-1|AAW_000165	t6_fai-gene-cluster-1|AAX_000145	t7_fai-gene-cluster-1|AAC_000145	t8_fai-gene-cluster-1|AAE_000195	t9_fai-gene-cluster-1|AAZ_000137, t9_fai-gene-cluster-1|AAZ_000138
OG_6										t18_fai-gene-cluster-1|AAY_000139																					t9_fai-gene-cluster-1|AAZ_000139
OG_7	Ref_Epa_from_V583_fai-gene-cluster-1|AAB_000116	t10_fai-gene-cluster-1|ABB_000157	t11_fai-gene-cluster-1|AAV_000148	t12_fai-gene-cluster-1|AAA_000135	t13_fai-gene-cluster-1|AAT_000148	t14_fai-gene-cluster-1|AAD_000189		t16_fai-gene-cluster-1|ABA_000171	t17_fai-gene-cluster-1|AAO_000202	t18_fai-gene-cluster-1|AAY_000140	t19_fai-gene-cluster-1|AAR_000185		t20_fai-gene-cluster-1|AAN_000133	t21_fai-gene-cluster-1|AAS_000164	t22_fai-gene-cluster-1|AAU_000173	t23_fai-gene-cluster-1|ABC_000126	t24_fai-gene-cluster-1|AAH_000140	t25_fai-gene-cluster-1|AAG_000145	t26_fai-gene-cluster-1|AAM_000188, t26_fai-gene-cluster-1|AAM_000189	t27_fai-gene-cluster-1|AAP_000174	t28_fai-gene-cluster-1|AAF_000134	t29_fai-gene-cluster-1|ABE_000172	t2_fai-gene-cluster-1|AAJ_000161, t2_fai-gene-cluster-1|AAJ_000162	t30_fai-gene-cluster-1|AAL_000143	t3_fai-gene-cluster-1|AAK_000167	t4_fai-gene-cluster-1|ABD_000194, t4_fai-gene-cluster-1|ABD_000195	t5_fai-gene-cluster-1|AAW_000167	t6_fai-gene-cluster-1|AAX_000146, t6_fai-gene-cluster-1|AAX_000147	t7_fai-gene-cluster-1|AAC_000146	t8_fai-gene-cluster-1|AAE_000196, t8_fai-gene-cluster-1|AAE_000197	t9_fai-gene-cluster-1|AAZ_000140
OG_8		t10_fai-gene-cluster-1|ABB_000161			t13_fai-gene-cluster-1|AAT_000152	t14_fai-gene-cluster-1|AAD_000195, t14_fai-gene-cluster-1|AAD_000196	t15_fai-gene-cluster-1|AAQ_000185	t16_fai-gene-cluster-1|ABA_000176, t16_fai-gene-cluster-1|ABA_000177	t17_fai-gene-cluster-1|AAO_000207, t17_fai-gene-cluster-1|AAO_000208	t18_fai-gene-cluster-1|AAY_000143, t18_fai-gene-cluster-1|AAY_000144	t19_fai-gene-cluster-1|AAR_000189, t19_fai-gene-cluster-1|AAR_000190	t1_fai-gene-cluster-1|AAI_000132		t21_fai-gene-cluster-1|AAS_000169, t21_fai-gene-cluster-1|AAS_000170	t22_fai-gene-cluster-1|AAU_000177, t22_fai-gene-cluster-1|AAU_000178		t24_fai-gene-cluster-1|AAH_000143	t25_fai-gene-cluster-1|AAG_000149	t26_fai-gene-cluster-1|AAM_000195, t26_fai-gene-cluster-1|AAM_000196, t26_fai-gene-cluster-1|AAM_000197	t27_fai-gene-cluster-1|AAP_000177	t28_fai-gene-cluster-1|AAF_000137	t29_fai-gene-cluster-1|ABE_000178, t29_fai-gene-cluster-1|ABE_000179	t2_fai-gene-cluster-1|AAJ_000165, t2_fai-gene-cluster-1|AAJ_000166		t3_fai-gene-cluster-1|AAK_000172	t4_fai-gene-cluster-1|ABD_000201	t5_fai-gene-cluster-1|AAW_000173, t5_fai-gene-cluster-1|AAW_000174	t6_fai-gene-cluster-1|AAX_000150	t7_fai-gene-cluster-1|AAC_000150	t8_fai-gene-cluster-1|AAE_000203, t8_fai-gene-cluster-1|AAE_000204	t9_fai-gene-cluster-1|AAZ_000143, t9_fai-gene-cluster-1|AAZ_000144
OG_9	Ref_Epa_from_V583_fai-gene-cluster-1|AAB_000108	t10_fai-gene-cluster-1|ABB_000143	t11_fai-gene-cluster-1|AAV_000135, t11_fai-gene-cluster-1|AAV_000136	t12_fai-gene-cluster-1|AAA_000124	t13_fai-gene-cluster-1|AAT_000135		t15_fai-gene-cluster-1|AAQ_000169	t16_fai-gene-cluster-1|ABA_000157, t16_fai-gene-cluster-1|ABA_000158, t16_fai-gene-cluster-1|ABA_000159		t18_fai-gene-cluster-1|AAY_000126, t18_fai-gene-cluster-1|AAY_000127	t19_fai-gene-cluster-1|AAR_000168	t1_fai-gene-cluster-1|AAI_000118	t20_fai-gene-cluster-1|AAN_000122	t21_fai-gene-cluster-1|AAS_000150, t21_fai-gene-cluster-1|AAS_000151	t22_fai-gene-cluster-1|AAU_000159	t23_fai-gene-cluster-1|ABC_000115	t24_fai-gene-cluster-1|AAH_000128	t25_fai-gene-cluster-1|AAG_000132	t26_fai-gene-cluster-1|AAM_000177, t26_fai-gene-cluster-1|AAM_000178	t27_fai-gene-cluster-1|AAP_000159, t27_fai-gene-cluster-1|AAP_000160	t28_fai-gene-cluster-1|AAF_000122	t29_fai-gene-cluster-1|ABE_000161, t29_fai-gene-cluster-1|ABE_000162	t2_fai-gene-cluster-1|AAJ_000146, t2_fai-gene-cluster-1|AAJ_000147	t30_fai-gene-cluster-1|AAL_000129, t30_fai-gene-cluster-1|AAL_000130	t3_fai-gene-cluster-1|AAK_000156	t4_fai-gene-cluster-1|ABD_000179, t4_fai-gene-cluster-1|ABD_000180	t5_fai-gene-cluster-1|AAW_000157, t5_fai-gene-cluster-1|AAW_000158	t6_fai-gene-cluster-1|AAX_000130, t6_fai-gene-cluster-1|AAX_000131	t7_fai-gene-cluster-1|AAC_000133	t8_fai-gene-cluster-1|AAE_000182	t9_fai-gene-cluster-1|AAZ_000126
OG_10	Ref_Epa_from_V583_fai-gene-cluster-1|AAB_000119	t10_fai-gene-cluster-1|ABB_000163, t10_fai-gene-cluster-1|ABB_000164	t11_fai-gene-cluster-1|AAV_000152	t12_fai-gene-cluster-1|AAA_000139	t13_fai-gene-cluster-1|AAT_000154					t18_fai-gene-cluster-1|AAY_000145		t1_fai-gene-cluster-1|AAI_000133	t20_fai-gene-cluster-1|AAN_000136	t21_fai-gene-cluster-1|AAS_000173	t22_fai-gene-cluster-1|AAU_000180, t22_fai-gene-cluster-1|AAU_000181	t23_fai-gene-cluster-1|ABC_000130	t24_fai-gene-cluster-1|AAH_000144	t25_fai-gene-cluster-1|AAG_000151	t26_fai-gene-cluster-1|AAM_000199	t27_fai-gene-cluster-1|AAP_000178	t28_fai-gene-cluster-1|AAF_000139	t29_fai-gene-cluster-1|ABE_000181, t29_fai-gene-cluster-1|ABE_000182	t2_fai-gene-cluster-1|AAJ_000168	t30_fai-gene-cluster-1|AAL_000146	t3_fai-gene-cluster-1|AAK_000173, t3_fai-gene-cluster-1|AAK_000174	t4_fai-gene-cluster-1|ABD_000204, t4_fai-gene-cluster-1|ABD_000205	t5_fai-gene-cluster-1|AAW_000176	t6_fai-gene-cluster-1|AAX_000151, t6_fai-gene-cluster-1|AAX_000152	t7_fai-gene-cluster-1|AAC_000152, t7_fai-gene-cluster-1|AAC_000153		t9_fai-gene-cluster-1|AAZ_000146
OG_11	Ref_Epa_from_V583_fai-gene-cluster-1|AAB_000120	t10_fai-gene-cluster-1|ABB_000165	t11_fai-gene-cluster-1|AAV_000154	t12_fai-gene-cluster-1|AAA_000141	t13_fai-gene-cluster-1|AAT_000155	t14_fai-gene-cluster-1|AAD_000198	t15_fai-gene-cluster-1|AAQ_000187	t16_fai-gene-cluster-1|ABA_000180, t16_fai-gene-cluster-1|ABA_000181	t17_fai-gene-cluster-1|AAO_000210	t18_fai-gene-cluster-1|AAY_000147	t19_fai-gene-cluster-1|AAR_000192	t1_fai-gene-cluster-1|AAI_000134	t20_fai-gene-cluster-1|AAN_000137	t21_fai-gene-cluster-1|AAS_000174, t21_fai-gene-cluster-1|AAS_000175	t22_fai-gene-cluster-1|AAU_000183	t23_fai-gene-cluster-1|ABC_000131	t24_fai-gene-cluster-1|AAH_000146	t25_fai-gene-cluster-1|AAG_000152	t26_fai-gene-cluster-1|AAM_000200	t27_fai-gene-cluster-1|AAP_000179, t27_fai-gene-cluster-1|AAP_000180	t28_fai-gene-cluster-1|AAF_000141	t29_fai-gene-cluster-1|ABE_000184	t2_fai-gene-cluster-1|AAJ_000170	t30_fai-gene-cluster-1|AAL_000148	t3_fai-gene-cluster-1|AAK_000176	t4_fai-gene-cluster-1|ABD_000207	t5_fai-gene-cluster-1|AAW_000178	t6_fai-gene-cluster-1|AAX_000153	t7_fai-gene-cluster-1|AAC_000154	t8_fai-gene-cluster-1|AAE_000206	t9_fai-gene-cluster-1|AAZ_000148
OG_12	Ref_Epa_from_V583_fai-gene-cluster-1|AAB_000121	t10_fai-gene-cluster-1|ABB_000166	t11_fai-gene-cluster-1|AAV_000155, t11_fai-gene-cluster-1|AAV_000156	t12_fai-gene-cluster-1|AAA_000142, t12_fai-gene-cluster-1|AAA_000143	t13_fai-gene-cluster-1|AAT_000156, t13_fai-gene-cluster-1|AAT_000157	t14_fai-gene-cluster-1|AAD_000199, t14_fai-gene-cluster-1|AAD_000200	t15_fai-gene-cluster-1|AAQ_000188	t16_fai-gene-cluster-1|ABA_000183	t17_fai-gene-cluster-1|AAO_000211, t17_fai-gene-cluster-1|AAO_000212	t18_fai-gene-cluster-1|AAY_000148, t18_fai-gene-cluster-1|AAY_000150	t19_fai-gene-cluster-1|AAR_000194	t1_fai-gene-cluster-1|AAI_000135	t20_fai-gene-cluster-1|AAN_000138	t21_fai-gene-cluster-1|AAS_000177, t21_fai-gene-cluster-1|AAS_000179	t22_fai-gene-cluster-1|AAU_000185, t22_fai-gene-cluster-1|AAU_000187	t23_fai-gene-cluster-1|ABC_000132	t24_fai-gene-cluster-1|AAH_000147	t25_fai-gene-cluster-1|AAG_000153	t26_fai-gene-cluster-1|AAM_000201, t26_fai-gene-cluster-1|AAM_000203		t28_fai-gene-cluster-1|AAF_000142	t29_fai-gene-cluster-1|ABE_000185, t29_fai-gene-cluster-1|ABE_000187	t2_fai-gene-cluster-1|AAJ_000171	t30_fai-gene-cluster-1|AAL_000149, t30_fai-gene-cluster-1|AAL_000150	t3_fai-gene-cluster-1|AAK_000177, t3_fai-gene-cluster-1|AAK_000179	t4_fai-gene-cluster-1|ABD_000208, t4_fai-gene-cluster-1|ABD_000210	t5_fai-gene-cluster-1|AAW_000180, t5_fai-gene-cluster-1|AAW_000181	t6_fai-gene-cluster-1|AAX_000154	t7_fai-gene-cluster-1|AAC_000155	t8_fai-gene-cluster-1|AAE_000208, t8_fai-gene-cluster-1|AAE_000210	t9_fai-gene-cluster-1|AAZ_000149
OG_13	Ref_Epa_from_V583_fai-gene-cluster-1|AAB_000122	t10_fai-gene-cluster-1|ABB_000167, t10_fai-gene-cluster-1|ABB_000168	t11_fai-gene-cluster-1|AAV_000157, t11_fai-gene-cluster-1|AAV_000158, t11_fai-gene-cluster-1|AAV_000159	t12_fai-gene-cluster-1|AAA_000144	t13_fai-gene-cluster-1|AAT_000158, t13_fai-gene-cluster-1|AAT_000160	t14_fai-gene-cluster-1|AAD_000201, t14_fai-gene-cluster-1|AAD_000202	t15_fai-gene-cluster-1|AAQ_000189	t16_fai-gene-cluster-1|ABA_000184, t16_fai-gene-cluster-1|ABA_000185	t17_fai-gene-cluster-1|AAO_000213, t17_fai-gene-cluster-1|AAO_000214	t18_fai-gene-cluster-1|AAY_000151, t18_fai-gene-cluster-1|AAY_000152, t18_fai-gene-cluster-1|AAY_000153	t19_fai-gene-cluster-1|AAR_000195, t19_fai-gene-cluster-1|AAR_000196	t1_fai-gene-cluster-1|AAI_000136	t20_fai-gene-cluster-1|AAN_000139	t21_fai-gene-cluster-1|AAS_000180	t22_fai-gene-cluster-1|AAU_000188, t22_fai-gene-cluster-1|AAU_000189	t23_fai-gene-cluster-1|ABC_000133	t24_fai-gene-cluster-1|AAH_000148, t24_fai-gene-cluster-1|AAH_000149	t25_fai-gene-cluster-1|AAG_000154	t26_fai-gene-cluster-1|AAM_000204, t26_fai-gene-cluster-1|AAM_000205	t27_fai-gene-cluster-1|AAP_000181, t27_fai-gene-cluster-1|AAP_000182	t28_fai-gene-cluster-1|AAF_000143, t28_fai-gene-cluster-1|AAF_000144	t29_fai-gene-cluster-1|ABE_000188, t29_fai-gene-cluster-1|ABE_000189	t2_fai-gene-cluster-1|AAJ_000172	t30_fai-gene-cluster-1|AAL_000151, t30_fai-gene-cluster-1|AAL_000152, t30_fai-gene-cluster-1|AAL_000153	t3_fai-gene-cluster-1|AAK_000180	t4_fai-gene-cluster-1|ABD_000211, t4_fai-gene-cluster-1|ABD_000212, t4_fai-gene-cluster-1|ABD_000213, t4_fai-gene-cluster-1|ABD_000214	t5_fai-gene-cluster-1|AAW_000182	t6_fai-gene-cluster-1|AAX_000155	t7_fai-gene-cluster-1|AAC_000156	t8_fai-gene-cluster-1|AAE_000211, t8_fai-gene-cluster-1|AAE_000212	t9_fai-gene-cluster-1|AAZ_000150, t9_fai-gene-cluster-1|AAZ_000151
OG_14	Ref_Epa_from_V583_fai-gene-cluster-1|AAB_000123	t10_fai-gene-cluster-1|ABB_000169	t11_fai-gene-cluster-1|AAV_000160	t12_fai-gene-cluster-1|AAA_000145	t13_fai-gene-cluster-1|AAT_000161, t13_fai-gene-cluster-1|AAT_000162	t14_fai-gene-cluster-1|AAD_000203, t14_fai-gene-cluster-1|AAD_000204	t15_fai-gene-cluster-1|AAQ_000190	t16_fai-gene-cluster-1|ABA_000186, t16_fai-gene-cluster-1|ABA_000187, t16_fai-gene-cluster-1|ABA_000188	t17_fai-gene-cluster-1|AAO_000215, t17_fai-gene-cluster-1|AAO_000216	t18_fai-gene-cluster-1|AAY_000154, t18_fai-gene-cluster-1|AAY_000155	t19_fai-gene-cluster-1|AAR_000197, t19_fai-gene-cluster-1|AAR_000198	t1_fai-gene-cluster-1|AAI_000137, t1_fai-gene-cluster-1|AAI_000138	t20_fai-gene-cluster-1|AAN_000140	t21_fai-gene-cluster-1|AAS_000181, t21_fai-gene-cluster-1|AAS_000182	t22_fai-gene-cluster-1|AAU_000190, t22_fai-gene-cluster-1|AAU_000191	t23_fai-gene-cluster-1|ABC_000134, t23_fai-gene-cluster-1|ABC_000135	t24_fai-gene-cluster-1|AAH_000150	t25_fai-gene-cluster-1|AAG_000155, t25_fai-gene-cluster-1|AAG_000156	t26_fai-gene-cluster-1|AAM_000206	t27_fai-gene-cluster-1|AAP_000183, t27_fai-gene-cluster-1|AAP_000184, t27_fai-gene-cluster-1|AAP_000185	t28_fai-gene-cluster-1|AAF_000145	t29_fai-gene-cluster-1|ABE_000190, t29_fai-gene-cluster-1|ABE_000191	t2_fai-gene-cluster-1|AAJ_000173, t2_fai-gene-cluster-1|AAJ_000174	t30_fai-gene-cluster-1|AAL_000154	t3_fai-gene-cluster-1|AAK_000181, t3_fai-gene-cluster-1|AAK_000182	t4_fai-gene-cluster-1|ABD_000215	t5_fai-gene-cluster-1|AAW_000183, t5_fai-gene-cluster-1|AAW_000184	t6_fai-gene-cluster-1|AAX_000156	t7_fai-gene-cluster-1|AAC_000157, t7_fai-gene-cluster-1|AAC_000158	t8_fai-gene-cluster-1|AAE_000213, t8_fai-gene-cluster-1|AAE_000214	t9_fai-gene-cluster-1|AAZ_000152
OG_15	Ref_Epa_from_V583_fai-gene-cluster-1|AAB_000124	t10_fai-gene-cluster-1|ABB_000170, t10_fai-gene-cluster-1|ABB_000171, t10_fai-gene-cluster-1|ABB_000172	t11_fai-gene-cluster-1|AAV_000162	t12_fai-gene-cluster-1|AAA_000147	t13_fai-gene-cluster-1|AAT_000164, t13_fai-gene-cluster-1|AAT_000165	t14_fai-gene-cluster-1|AAD_000206	t15_fai-gene-cluster-1|AAQ_000191	t16_fai-gene-cluster-1|ABA_000190, t16_fai-gene-cluster-1|ABA_000191	t17_fai-gene-cluster-1|AAO_000218	t18_fai-gene-cluster-1|AAY_000157	t19_fai-gene-cluster-1|AAR_000200, t19_fai-gene-cluster-1|AAR_000201	t1_fai-gene-cluster-1|AAI_000140	t20_fai-gene-cluster-1|AAN_000141	t21_fai-gene-cluster-1|AAS_000184	t22_fai-gene-cluster-1|AAU_000193	t23_fai-gene-cluster-1|ABC_000136	t24_fai-gene-cluster-1|AAH_000151, t24_fai-gene-cluster-1|AAH_000152	t25_fai-gene-cluster-1|AAG_000158, t25_fai-gene-cluster-1|AAG_000159	t26_fai-gene-cluster-1|AAM_000207	t27_fai-gene-cluster-1|AAP_000187, t27_fai-gene-cluster-1|AAP_000188	t28_fai-gene-cluster-1|AAF_000146	t29_fai-gene-cluster-1|ABE_000193	t2_fai-gene-cluster-1|AAJ_000176	t30_fai-gene-cluster-1|AAL_000156	t3_fai-gene-cluster-1|AAK_000184	t4_fai-gene-cluster-1|ABD_000217, t4_fai-gene-cluster-1|ABD_000218	t5_fai-gene-cluster-1|AAW_000187	t6_fai-gene-cluster-1|AAX_000158	t7_fai-gene-cluster-1|AAC_000160	t8_fai-gene-cluster-1|AAE_000216	t9_fai-gene-cluster-1|AAZ_000153
OG_16	Ref_Epa_from_V583_fai-gene-cluster-1|AAB_000125	t10_fai-gene-cluster-1|ABB_000173, t10_fai-gene-cluster-1|ABB_000174	t11_fai-gene-cluster-1|AAV_000163	t12_fai-gene-cluster-1|AAA_000149	t13_fai-gene-cluster-1|AAT_000166	t14_fai-gene-cluster-1|AAD_000210, t14_fai-gene-cluster-1|AAD_000211	t15_fai-gene-cluster-1|AAQ_000193	t16_fai-gene-cluster-1|ABA_000193, t16_fai-gene-cluster-1|ABA_000194	t17_fai-gene-cluster-1|AAO_000225, t17_fai-gene-cluster-1|AAO_000226	t18_fai-gene-cluster-1|AAY_000158	t19_fai-gene-cluster-1|AAR_000204	t1_fai-gene-cluster-1|AAI_000142	t20_fai-gene-cluster-1|AAN_000142, t20_fai-gene-cluster-1|AAN_000143	t21_fai-gene-cluster-1|AAS_000186	t22_fai-gene-cluster-1|AAU_000194, t22_fai-gene-cluster-1|AAU_000195	t23_fai-gene-cluster-1|ABC_000137	t24_fai-gene-cluster-1|AAH_000153	t25_fai-gene-cluster-1|AAG_000161	t26_fai-gene-cluster-1|AAM_000209, t26_fai-gene-cluster-1|AAM_000210, t26_fai-gene-cluster-1|AAM_000211	t27_fai-gene-cluster-1|AAP_000191	t28_fai-gene-cluster-1|AAF_000148	t29_fai-gene-cluster-1|ABE_000194	t2_fai-gene-cluster-1|AAJ_000177	t30_fai-gene-cluster-1|AAL_000157	t3_fai-gene-cluster-1|AAK_000185	t4_fai-gene-cluster-1|ABD_000223, t4_fai-gene-cluster-1|ABD_000224, t4_fai-gene-cluster-1|ABD_000225	t5_fai-gene-cluster-1|AAW_000189	t6_fai-gene-cluster-1|AAX_000159	t7_fai-gene-cluster-1|AAC_000162	t8_fai-gene-cluster-1|AAE_000222, t8_fai-gene-cluster-1|AAE_000223	t9_fai-gene-cluster-1|AAZ_000154
OG_17	Ref_Epa_from_V583_fai-gene-cluster-1|AAB_000126	t10_fai-gene-cluster-1|ABB_000177		t12_fai-gene-cluster-1|AAA_000150	t13_fai-gene-cluster-1|AAT_000168	t14_fai-gene-cluster-1|AAD_000216	t15_fai-gene-cluster-1|AAQ_000197	t16_fai-gene-cluster-1|ABA_000197	t17_fai-gene-cluster-1|AAO_000232	t18_fai-gene-cluster-1|AAY_000160	t19_fai-gene-cluster-1|AAR_000210	t1_fai-gene-cluster-1|AAI_000145	t20_fai-gene-cluster-1|AAN_000146	t21_fai-gene-cluster-1|AAS_000190	t22_fai-gene-cluster-1|AAU_000197	t23_fai-gene-cluster-1|ABC_000139	t24_fai-gene-cluster-1|AAH_000157	t25_fai-gene-cluster-1|AAG_000163	t26_fai-gene-cluster-1|AAM_000213, t26_fai-gene-cluster-1|AAM_000214	t27_fai-gene-cluster-1|AAP_000194	t28_fai-gene-cluster-1|AAF_000151	t29_fai-gene-cluster-1|ABE_000196	t2_fai-gene-cluster-1|AAJ_000180	t30_fai-gene-cluster-1|AAL_000158	t3_fai-gene-cluster-1|AAK_000190	t4_fai-gene-cluster-1|ABD_000227, t4_fai-gene-cluster-1|ABD_000228	t5_fai-gene-cluster-1|AAW_000191	t6_fai-gene-cluster-1|AAX_000162	t7_fai-gene-cluster-1|AAC_000164	t8_fai-gene-cluster-1|AAE_000229	t9_fai-gene-cluster-1|AAZ_000157
OG_18	Ref_Epa_from_V583_fai-gene-cluster-1|AAB_000127	t10_fai-gene-cluster-1|ABB_000178	t11_fai-gene-cluster-1|AAV_000166	t12_fai-gene-cluster-1|AAA_000151, t12_fai-gene-cluster-1|AAA_000152	t13_fai-gene-cluster-1|AAT_000169, t13_fai-gene-cluster-1|AAT_000170	t14_fai-gene-cluster-1|AAD_000218, t14_fai-gene-cluster-1|AAD_000219	t15_fai-gene-cluster-1|AAQ_000198, t15_fai-gene-cluster-1|AAQ_000199		t17_fai-gene-cluster-1|AAO_000235	t18_fai-gene-cluster-1|AAY_000161	t19_fai-gene-cluster-1|AAR_000212	t1_fai-gene-cluster-1|AAI_000146		t21_fai-gene-cluster-1|AAS_000191		t23_fai-gene-cluster-1|ABC_000140	t24_fai-gene-cluster-1|AAH_000159	t25_fai-gene-cluster-1|AAG_000164, t25_fai-gene-cluster-1|AAG_000165		t27_fai-gene-cluster-1|AAP_000195	t28_fai-gene-cluster-1|AAF_000153		t2_fai-gene-cluster-1|AAJ_000181	t30_fai-gene-cluster-1|AAL_000161			t5_fai-gene-cluster-1|AAW_000192	t6_fai-gene-cluster-1|AAX_000163	t7_fai-gene-cluster-1|AAC_000165		t9_fai-gene-cluster-1|AAZ_000158
OG_19	Ref_Epa_from_V583_fai-gene-cluster-1|AAB_000128	t10_fai-gene-cluster-1|ABB_000179	t11_fai-gene-cluster-1|AAV_000167	t12_fai-gene-cluster-1|AAA_000153	t13_fai-gene-cluster-1|AAT_000171	t14_fai-gene-cluster-1|AAD_000220	t15_fai-gene-cluster-1|AAQ_000200	t16_fai-gene-cluster-1|ABA_000198	t17_fai-gene-cluster-1|AAO_000236	t18_fai-gene-cluster-1|AAY_000162	t19_fai-gene-cluster-1|AAR_000213	t1_fai-gene-cluster-1|AAI_000147	t20_fai-gene-cluster-1|AAN_000147	t21_fai-gene-cluster-1|AAS_000192	t22_fai-gene-cluster-1|AAU_000198	t23_fai-gene-cluster-1|ABC_000141	t24_fai-gene-cluster-1|AAH_000160	t25_fai-gene-cluster-1|AAG_000166	t26_fai-gene-cluster-1|AAM_000215	t27_fai-gene-cluster-1|AAP_000196	t28_fai-gene-cluster-1|AAF_000154	t29_fai-gene-cluster-1|ABE_000197	t2_fai-gene-cluster-1|AAJ_000182	t30_fai-gene-cluster-1|AAL_000162	t3_fai-gene-cluster-1|AAK_000191	t4_fai-gene-cluster-1|ABD_000229	t5_fai-gene-cluster-1|AAW_000193	t6_fai-gene-cluster-1|AAX_000164	t7_fai-gene-cluster-1|AAC_000166	t8_fai-gene-cluster-1|AAE_000233	t9_fai-gene-cluster-1|AAZ_000159
OG_20	Ref_Epa_from_V583_fai-gene-cluster-1|AAB_000117, Ref_Epa_from_V583_fai-gene-cluster-1|AAB_000129	t10_fai-gene-cluster-1|ABB_000158, t10_fai-gene-cluster-1|ABB_000159	t11_fai-gene-cluster-1|AAV_000149, t11_fai-gene-cluster-1|AAV_000168	t12_fai-gene-cluster-1|AAA_000136, t12_fai-gene-cluster-1|AAA_000154	t13_fai-gene-cluster-1|AAT_000172	t14_fai-gene-cluster-1|AAD_000221	t15_fai-gene-cluster-1|AAQ_000181, t15_fai-gene-cluster-1|AAQ_000201	t16_fai-gene-cluster-1|ABA_000199, t16_fai-gene-cluster-1|ABA_000200	t17_fai-gene-cluster-1|AAO_000237	t18_fai-gene-cluster-1|AAY_000141, t18_fai-gene-cluster-1|AAY_000163	t19_fai-gene-cluster-1|AAR_000186, t19_fai-gene-cluster-1|AAR_000214	t1_fai-gene-cluster-1|AAI_000129, t1_fai-gene-cluster-1|AAI_000148	t20_fai-gene-cluster-1|AAN_000134, t20_fai-gene-cluster-1|AAN_000148	t21_fai-gene-cluster-1|AAS_000193, t21_fai-gene-cluster-1|AAS_000194	t22_fai-gene-cluster-1|AAU_000199	t23_fai-gene-cluster-1|ABC_000142	t24_fai-gene-cluster-1|AAH_000141, t24_fai-gene-cluster-1|AAH_000161	t25_fai-gene-cluster-1|AAG_000167	t26_fai-gene-cluster-1|AAM_000216	t27_fai-gene-cluster-1|AAP_000197, t27_fai-gene-cluster-1|AAP_000198	t28_fai-gene-cluster-1|AAF_000135, t28_fai-gene-cluster-1|AAF_000155	t29_fai-gene-cluster-1|ABE_000198	t2_fai-gene-cluster-1|AAJ_000163, t2_fai-gene-cluster-1|AAJ_000183	t30_fai-gene-cluster-1|AAL_000144, t30_fai-gene-cluster-1|AAL_000163	t3_fai-gene-cluster-1|AAK_000192	t4_fai-gene-cluster-1|ABD_000230, t4_fai-gene-cluster-1|ABD_000231	t5_fai-gene-cluster-1|AAW_000194	t6_fai-gene-cluster-1|AAX_000148, t6_fai-gene-cluster-1|AAX_000165	t7_fai-gene-cluster-1|AAC_000148, t7_fai-gene-cluster-1|AAC_000167	t8_fai-gene-cluster-1|AAE_000234	t9_fai-gene-cluster-1|AAZ_000141, t9_fai-gene-cluster-1|AAZ_000160
OG_21	Ref_Epa_from_V583_fai-gene-cluster-1|AAB_000130		t11_fai-gene-cluster-1|AAV_000169	t12_fai-gene-cluster-1|AAA_000155	t13_fai-gene-cluster-1|AAT_000173	t14_fai-gene-cluster-1|AAD_000223			t17_fai-gene-cluster-1|AAO_000239	t18_fai-gene-cluster-1|AAY_000164	t19_fai-gene-cluster-1|AAR_000215	t1_fai-gene-cluster-1|AAI_000149	t20_fai-gene-cluster-1|AAN_000149			t23_fai-gene-cluster-1|ABC_000143	t24_fai-gene-cluster-1|AAH_000162	t25_fai-gene-cluster-1|AAG_000168			t28_fai-gene-cluster-1|AAF_000157		t2_fai-gene-cluster-1|AAJ_000184	t30_fai-gene-cluster-1|AAL_000164		t4_fai-gene-cluster-1|ABD_000232		t6_fai-gene-cluster-1|AAX_000166	t7_fai-gene-cluster-1|AAC_000168	t8_fai-gene-cluster-1|AAE_000236	t9_fai-gene-cluster-1|AAZ_000161
OG_22	Ref_Epa_from_V583_fai-gene-cluster-1|AAB_000109	t10_fai-gene-cluster-1|ABB_000146	t11_fai-gene-cluster-1|AAV_000138	t12_fai-gene-cluster-1|AAA_000125	t13_fai-gene-cluster-1|AAT_000137	t14_fai-gene-cluster-1|AAD_000176	t15_fai-gene-cluster-1|AAQ_000171			t18_fai-gene-cluster-1|AAY_000129	t19_fai-gene-cluster-1|AAR_000170	t1_fai-gene-cluster-1|AAI_000119	t20_fai-gene-cluster-1|AAN_000123	t21_fai-gene-cluster-1|AAS_000154	t22_fai-gene-cluster-1|AAU_000161	t23_fai-gene-cluster-1|ABC_000117	t24_fai-gene-cluster-1|AAH_000129	t25_fai-gene-cluster-1|AAG_000134			t28_fai-gene-cluster-1|AAF_000123		t2_fai-gene-cluster-1|AAJ_000150	t30_fai-gene-cluster-1|AAL_000132	t3_fai-gene-cluster-1|AAK_000158			t6_fai-gene-cluster-1|AAX_000134	t7_fai-gene-cluster-1|AAC_000135		t9_fai-gene-cluster-1|AAZ_000127
OG_23	Ref_Epa_from_V583_fai-gene-cluster-1|AAB_000131		t11_fai-gene-cluster-1|AAV_000170, t11_fai-gene-cluster-1|AAV_000171, t11_fai-gene-cluster-1|AAV_000172	t12_fai-gene-cluster-1|AAA_000156	t13_fai-gene-cluster-1|AAT_000174, t13_fai-gene-cluster-1|AAT_000175	t14_fai-gene-cluster-1|AAD_000224, t14_fai-gene-cluster-1|AAD_000225	t15_fai-gene-cluster-1|AAQ_000203, t15_fai-gene-cluster-1|AAQ_000204	t16_fai-gene-cluster-1|ABA_000201	t17_fai-gene-cluster-1|AAO_000240	t18_fai-gene-cluster-1|AAY_000165	t19_fai-gene-cluster-1|AAR_000216	t1_fai-gene-cluster-1|AAI_000150	t20_fai-gene-cluster-1|AAN_000150, t20_fai-gene-cluster-1|AAN_000151	t21_fai-gene-cluster-1|AAS_000195	t22_fai-gene-cluster-1|AAU_000200	t23_fai-gene-cluster-1|ABC_000144	t24_fai-gene-cluster-1|AAH_000163, t24_fai-gene-cluster-1|AAH_000164	t25_fai-gene-cluster-1|AAG_000169, t25_fai-gene-cluster-1|AAG_000170	t26_fai-gene-cluster-1|AAM_000217, t26_fai-gene-cluster-1|AAM_000218, t26_fai-gene-cluster-1|AAM_000219	t27_fai-gene-cluster-1|AAP_000199	t28_fai-gene-cluster-1|AAF_000158	t29_fai-gene-cluster-1|ABE_000199, t29_fai-gene-cluster-1|ABE_000200	t2_fai-gene-cluster-1|AAJ_000185	t30_fai-gene-cluster-1|AAL_000165, t30_fai-gene-cluster-1|AAL_000166, t30_fai-gene-cluster-1|AAL_000167	t3_fai-gene-cluster-1|AAK_000193	t4_fai-gene-cluster-1|ABD_000233, t4_fai-gene-cluster-1|ABD_000234, t4_fai-gene-cluster-1|ABD_000235	t5_fai-gene-cluster-1|AAW_000195	t6_fai-gene-cluster-1|AAX_000167	t7_fai-gene-cluster-1|AAC_000169, t7_fai-gene-cluster-1|AAC_000170	t8_fai-gene-cluster-1|AAE_000237	t9_fai-gene-cluster-1|AAZ_000162
OG_24	Ref_Epa_from_V583_fai-gene-cluster-1|AAB_000132	t10_fai-gene-cluster-1|ABB_000181	t11_fai-gene-cluster-1|AAV_000174	t12_fai-gene-cluster-1|AAA_000157, t12_fai-gene-cluster-1|AAA_000158		t14_fai-gene-cluster-1|AAD_000227	t15_fai-gene-cluster-1|AAQ_000205		t17_fai-gene-cluster-1|AAO_000242	t18_fai-gene-cluster-1|AAY_000166	t19_fai-gene-cluster-1|AAR_000218				t22_fai-gene-cluster-1|AAU_000201		t24_fai-gene-cluster-1|AAH_000165		t26_fai-gene-cluster-1|AAM_000221		t28_fai-gene-cluster-1|AAF_000159	t29_fai-gene-cluster-1|ABE_000202	t2_fai-gene-cluster-1|AAJ_000186	t30_fai-gene-cluster-1|AAL_000169	t3_fai-gene-cluster-1|AAK_000195	t4_fai-gene-cluster-1|ABD_000236	t5_fai-gene-cluster-1|AAW_000197	t6_fai-gene-cluster-1|AAX_000168		t8_fai-gene-cluster-1|AAE_000239	t9_fai-gene-cluster-1|AAZ_000164
OG_25	Ref_Epa_from_V583_fai-gene-cluster-1|AAB_000133	t10_fai-gene-cluster-1|ABB_000182	t11_fai-gene-cluster-1|AAV_000175	t12_fai-gene-cluster-1|AAA_000159		t14_fai-gene-cluster-1|AAD_000228	t15_fai-gene-cluster-1|AAQ_000206		t17_fai-gene-cluster-1|AAO_000243	t18_fai-gene-cluster-1|AAY_000167	t19_fai-gene-cluster-1|AAR_000219				t22_fai-gene-cluster-1|AAU_000202		t24_fai-gene-cluster-1|AAH_000166		t26_fai-gene-cluster-1|AAM_000222		t28_fai-gene-cluster-1|AAF_000160	t29_fai-gene-cluster-1|ABE_000203	t2_fai-gene-cluster-1|AAJ_000187	t30_fai-gene-cluster-1|AAL_000170	t3_fai-gene-cluster-1|AAK_000196	t4_fai-gene-cluster-1|ABD_000237		t6_fai-gene-cluster-1|AAX_000169		t8_fai-gene-cluster-1|AAE_000240	t9_fai-gene-cluster-1|AAZ_000165
OG_26	Ref_Epa_from_V583_fai-gene-cluster-1|AAB_000134	t10_fai-gene-cluster-1|ABB_000184	t11_fai-gene-cluster-1|AAV_000176	t12_fai-gene-cluster-1|AAA_000160	t13_fai-gene-cluster-1|AAT_000176	t14_fai-gene-cluster-1|AAD_000229	t15_fai-gene-cluster-1|AAQ_000207	t16_fai-gene-cluster-1|ABA_000202, t16_fai-gene-cluster-1|ABA_000203	t17_fai-gene-cluster-1|AAO_000244	t18_fai-gene-cluster-1|AAY_000168	t19_fai-gene-cluster-1|AAR_000221	t1_fai-gene-cluster-1|AAI_000151	t20_fai-gene-cluster-1|AAN_000152	t21_fai-gene-cluster-1|AAS_000196, t21_fai-gene-cluster-1|AAS_000197	t22_fai-gene-cluster-1|AAU_000203, t22_fai-gene-cluster-1|AAU_000204	t23_fai-gene-cluster-1|ABC_000145	t24_fai-gene-cluster-1|AAH_000167	t25_fai-gene-cluster-1|AAG_000171	t26_fai-gene-cluster-1|AAM_000223, t26_fai-gene-cluster-1|AAM_000224	t27_fai-gene-cluster-1|AAP_000200, t27_fai-gene-cluster-1|AAP_000202	t28_fai-gene-cluster-1|AAF_000161	t29_fai-gene-cluster-1|ABE_000204, t29_fai-gene-cluster-1|ABE_000205	t2_fai-gene-cluster-1|AAJ_000188	t30_fai-gene-cluster-1|AAL_000171	t3_fai-gene-cluster-1|AAK_000197, t3_fai-gene-cluster-1|AAK_000198	t4_fai-gene-cluster-1|ABD_000238, t4_fai-gene-cluster-1|ABD_000239	t5_fai-gene-cluster-1|AAW_000199, t5_fai-gene-cluster-1|AAW_000200	t6_fai-gene-cluster-1|AAX_000170	t7_fai-gene-cluster-1|AAC_000171	t8_fai-gene-cluster-1|AAE_000242	t9_fai-gene-cluster-1|AAZ_000166, t9_fai-gene-cluster-1|AAZ_000167
OG_27	Ref_Epa_from_V583_fai-gene-cluster-1|AAB_000135	t10_fai-gene-cluster-1|ABB_000186	t11_fai-gene-cluster-1|AAV_000178	t12_fai-gene-cluster-1|AAA_000161	t13_fai-gene-cluster-1|AAT_000178	t14_fai-gene-cluster-1|AAD_000230	t15_fai-gene-cluster-1|AAQ_000209	t16_fai-gene-cluster-1|ABA_000205	t17_fai-gene-cluster-1|AAO_000245	t18_fai-gene-cluster-1|AAY_000171	t19_fai-gene-cluster-1|AAR_000222	t1_fai-gene-cluster-1|AAI_000153	t20_fai-gene-cluster-1|AAN_000154	t21_fai-gene-cluster-1|AAS_000199	t22_fai-gene-cluster-1|AAU_000206	t23_fai-gene-cluster-1|ABC_000147	t24_fai-gene-cluster-1|AAH_000168	t25_fai-gene-cluster-1|AAG_000173	t26_fai-gene-cluster-1|AAM_000226, t26_fai-gene-cluster-1|AAM_000227		t28_fai-gene-cluster-1|AAF_000162	t29_fai-gene-cluster-1|ABE_000207	t2_fai-gene-cluster-1|AAJ_000190	t30_fai-gene-cluster-1|AAL_000173	t3_fai-gene-cluster-1|AAK_000200	t4_fai-gene-cluster-1|ABD_000241	t5_fai-gene-cluster-1|AAW_000202	t6_fai-gene-cluster-1|AAX_000172	t7_fai-gene-cluster-1|AAC_000173	t8_fai-gene-cluster-1|AAE_000243	t9_fai-gene-cluster-1|AAZ_000168
OG_28	Ref_Epa_from_V583_fai-gene-cluster-1|AAB_000136	t10_fai-gene-cluster-1|ABB_000187, t10_fai-gene-cluster-1|ABB_000188, t10_fai-gene-cluster-1|ABB_000189	t11_fai-gene-cluster-1|AAV_000179, t11_fai-gene-cluster-1|AAV_000180, t11_fai-gene-cluster-1|AAV_000181	t12_fai-gene-cluster-1|AAA_000162, t12_fai-gene-cluster-1|AAA_000163	t13_fai-gene-cluster-1|AAT_000179	t14_fai-gene-cluster-1|AAD_000231	t15_fai-gene-cluster-1|AAQ_000210, t15_fai-gene-cluster-1|AAQ_000211	t16_fai-gene-cluster-1|ABA_000206, t16_fai-gene-cluster-1|ABA_000207	t17_fai-gene-cluster-1|AAO_000246, t17_fai-gene-cluster-1|AAO_000247	t18_fai-gene-cluster-1|AAY_000172	t19_fai-gene-cluster-1|AAR_000223	t1_fai-gene-cluster-1|AAI_000154	t20_fai-gene-cluster-1|AAN_000155	t21_fai-gene-cluster-1|AAS_000200	t22_fai-gene-cluster-1|AAU_000207, t22_fai-gene-cluster-1|AAU_000208	t23_fai-gene-cluster-1|ABC_000148	t24_fai-gene-cluster-1|AAH_000169	t25_fai-gene-cluster-1|AAG_000174	t26_fai-gene-cluster-1|AAM_000228, t26_fai-gene-cluster-1|AAM_000229	t27_fai-gene-cluster-1|AAP_000204	t28_fai-gene-cluster-1|AAF_000163	t29_fai-gene-cluster-1|ABE_000208	t2_fai-gene-cluster-1|AAJ_000191	t30_fai-gene-cluster-1|AAL_000174	t3_fai-gene-cluster-1|AAK_000201, t3_fai-gene-cluster-1|AAK_000202	t4_fai-gene-cluster-1|ABD_000242, t4_fai-gene-cluster-1|ABD_000243	t5_fai-gene-cluster-1|AAW_000203	t6_fai-gene-cluster-1|AAX_000173	t7_fai-gene-cluster-1|AAC_000174	t8_fai-gene-cluster-1|AAE_000244, t8_fai-gene-cluster-1|AAE_000245	t9_fai-gene-cluster-1|AAZ_000169
OG_29	Ref_Epa_from_V583_fai-gene-cluster-1|AAB_000137	t10_fai-gene-cluster-1|ABB_000190	t11_fai-gene-cluster-1|AAV_000182	t12_fai-gene-cluster-1|AAA_000164	t13_fai-gene-cluster-1|AAT_000180	t14_fai-gene-cluster-1|AAD_000232	t15_fai-gene-cluster-1|AAQ_000212	t16_fai-gene-cluster-1|ABA_000208, t16_fai-gene-cluster-1|ABA_000209	t17_fai-gene-cluster-1|AAO_000248	t18_fai-gene-cluster-1|AAY_000173	t19_fai-gene-cluster-1|AAR_000224	t1_fai-gene-cluster-1|AAI_000155	t20_fai-gene-cluster-1|AAN_000156		t22_fai-gene-cluster-1|AAU_000209	t23_fai-gene-cluster-1|ABC_000149	t24_fai-gene-cluster-1|AAH_000170	t25_fai-gene-cluster-1|AAG_000175	t26_fai-gene-cluster-1|AAM_000230	t27_fai-gene-cluster-1|AAP_000205, t27_fai-gene-cluster-1|AAP_000206	t28_fai-gene-cluster-1|AAF_000164	t29_fai-gene-cluster-1|ABE_000209	t2_fai-gene-cluster-1|AAJ_000192	t30_fai-gene-cluster-1|AAL_000175	t3_fai-gene-cluster-1|AAK_000203	t4_fai-gene-cluster-1|ABD_000244	t5_fai-gene-cluster-1|AAW_000204	t6_fai-gene-cluster-1|AAX_000174	t7_fai-gene-cluster-1|AAC_000175	t8_fai-gene-cluster-1|AAE_000246	t9_fai-gene-cluster-1|AAZ_000170
OG_30	Ref_Epa_from_V583_fai-gene-cluster-1|AAB_000138	t10_fai-gene-cluster-1|ABB_000192		t12_fai-gene-cluster-1|AAA_000165	t13_fai-gene-cluster-1|AAT_000181	t14_fai-gene-cluster-1|AAD_000233	t15_fai-gene-cluster-1|AAQ_000213	t16_fai-gene-cluster-1|ABA_000210	t17_fai-gene-cluster-1|AAO_000249	t18_fai-gene-cluster-1|AAY_000174	t19_fai-gene-cluster-1|AAR_000225	t1_fai-gene-cluster-1|AAI_000157	t20_fai-gene-cluster-1|AAN_000157	t21_fai-gene-cluster-1|AAS_000201	t22_fai-gene-cluster-1|AAU_000210	t23_fai-gene-cluster-1|ABC_000150	t24_fai-gene-cluster-1|AAH_000172	t25_fai-gene-cluster-1|AAG_000176	t26_fai-gene-cluster-1|AAM_000232	t27_fai-gene-cluster-1|AAP_000207	t28_fai-gene-cluster-1|AAF_000166	t29_fai-gene-cluster-1|ABE_000210	t2_fai-gene-cluster-1|AAJ_000193	t30_fai-gene-cluster-1|AAL_000177	t3_fai-gene-cluster-1|AAK_000204	t4_fai-gene-cluster-1|ABD_000245	t5_fai-gene-cluster-1|AAW_000205	t6_fai-gene-cluster-1|AAX_000176	t7_fai-gene-cluster-1|AAC_000176	t8_fai-gene-cluster-1|AAE_000247	t9_fai-gene-cluster-1|AAZ_000172
OG_31			t11_fai-gene-cluster-1|AAV_000139			t14_fai-gene-cluster-1|AAD_000177, t14_fai-gene-cluster-1|AAD_000178				t18_fai-gene-cluster-1|AAY_000130		t1_fai-gene-cluster-1|AAI_000120												t30_fai-gene-cluster-1|AAL_000133							
OG_32	Ref_Epa_from_V583_fai-gene-cluster-1|AAB_000139	t10_fai-gene-cluster-1|ABB_000193	t11_fai-gene-cluster-1|AAV_000183	t12_fai-gene-cluster-1|AAA_000166	t13_fai-gene-cluster-1|AAT_000182	t14_fai-gene-cluster-1|AAD_000234, t14_fai-gene-cluster-1|AAD_000235	t15_fai-gene-cluster-1|AAQ_000214	t16_fai-gene-cluster-1|ABA_000211	t17_fai-gene-cluster-1|AAO_000250, t17_fai-gene-cluster-1|AAO_000251	t18_fai-gene-cluster-1|AAY_000175	t19_fai-gene-cluster-1|AAR_000226	t1_fai-gene-cluster-1|AAI_000158, t1_fai-gene-cluster-1|AAI_000159	t20_fai-gene-cluster-1|AAN_000158	t21_fai-gene-cluster-1|AAS_000202	t22_fai-gene-cluster-1|AAU_000211	t23_fai-gene-cluster-1|ABC_000151	t24_fai-gene-cluster-1|AAH_000173	t25_fai-gene-cluster-1|AAG_000177	t26_fai-gene-cluster-1|AAM_000233	t27_fai-gene-cluster-1|AAP_000208	t28_fai-gene-cluster-1|AAF_000167	t29_fai-gene-cluster-1|ABE_000211	t2_fai-gene-cluster-1|AAJ_000194	t30_fai-gene-cluster-1|AAL_000178	t3_fai-gene-cluster-1|AAK_000205	t4_fai-gene-cluster-1|ABD_000246	t5_fai-gene-cluster-1|AAW_000206	t6_fai-gene-cluster-1|AAX_000177	t7_fai-gene-cluster-1|AAC_000177	t8_fai-gene-cluster-1|AAE_000248, t8_fai-gene-cluster-1|AAE_000249	t9_fai-gene-cluster-1|AAZ_000173
OG_33	Ref_Epa_from_V583_fai-gene-cluster-1|AAB_000140	t10_fai-gene-cluster-1|ABB_000194	t11_fai-gene-cluster-1|AAV_000184	t12_fai-gene-cluster-1|AAA_000167	t13_fai-gene-cluster-1|AAT_000183	t14_fai-gene-cluster-1|AAD_000236	t15_fai-gene-cluster-1|AAQ_000215	t16_fai-gene-cluster-1|ABA_000212	t17_fai-gene-cluster-1|AAO_000252	t18_fai-gene-cluster-1|AAY_000176	t19_fai-gene-cluster-1|AAR_000227	t1_fai-gene-cluster-1|AAI_000160	t20_fai-gene-cluster-1|AAN_000159	t21_fai-gene-cluster-1|AAS_000203	t22_fai-gene-cluster-1|AAU_000212	t23_fai-gene-cluster-1|ABC_000152	t24_fai-gene-cluster-1|AAH_000174	t25_fai-gene-cluster-1|AAG_000178	t26_fai-gene-cluster-1|AAM_000234	t27_fai-gene-cluster-1|AAP_000209	t28_fai-gene-cluster-1|AAF_000168	t29_fai-gene-cluster-1|ABE_000212	t2_fai-gene-cluster-1|AAJ_000195	t30_fai-gene-cluster-1|AAL_000179	t3_fai-gene-cluster-1|AAK_000206	t4_fai-gene-cluster-1|ABD_000247	t5_fai-gene-cluster-1|AAW_000207	t6_fai-gene-cluster-1|AAX_000178	t7_fai-gene-cluster-1|AAC_000178	t8_fai-gene-cluster-1|AAE_000250	t9_fai-gene-cluster-1|AAZ_000174
OG_34	Ref_Epa_from_V583_fai-gene-cluster-1|AAB_000141	t10_fai-gene-cluster-1|ABB_000196	t11_fai-gene-cluster-1|AAV_000185	t12_fai-gene-cluster-1|AAA_000168	t13_fai-gene-cluster-1|AAT_000184	t14_fai-gene-cluster-1|AAD_000238	t15_fai-gene-cluster-1|AAQ_000217	t16_fai-gene-cluster-1|ABA_000214	t17_fai-gene-cluster-1|AAO_000254, t17_fai-gene-cluster-1|AAO_000255	t18_fai-gene-cluster-1|AAY_000177	t19_fai-gene-cluster-1|AAR_000229	t1_fai-gene-cluster-1|AAI_000161	t20_fai-gene-cluster-1|AAN_000160	t21_fai-gene-cluster-1|AAS_000205	t22_fai-gene-cluster-1|AAU_000214	t23_fai-gene-cluster-1|ABC_000153	t24_fai-gene-cluster-1|AAH_000175	t25_fai-gene-cluster-1|AAG_000179	t26_fai-gene-cluster-1|AAM_000236, t26_fai-gene-cluster-1|AAM_000237	t27_fai-gene-cluster-1|AAP_000211	t28_fai-gene-cluster-1|AAF_000169	t29_fai-gene-cluster-1|ABE_000214	t2_fai-gene-cluster-1|AAJ_000197	t30_fai-gene-cluster-1|AAL_000180	t3_fai-gene-cluster-1|AAK_000208	t4_fai-gene-cluster-1|ABD_000249	t5_fai-gene-cluster-1|AAW_000209	t6_fai-gene-cluster-1|AAX_000180	t7_fai-gene-cluster-1|AAC_000179	t8_fai-gene-cluster-1|AAE_000252, t8_fai-gene-cluster-1|AAE_000253	t9_fai-gene-cluster-1|AAZ_000175
OG_35	Ref_Epa_from_V583_fai-gene-cluster-1|AAB_000142	t10_fai-gene-cluster-1|ABB_000197, t10_fai-gene-cluster-1|ABB_000198	t11_fai-gene-cluster-1|AAV_000186	t12_fai-gene-cluster-1|AAA_000169	t13_fai-gene-cluster-1|AAT_000185	t14_fai-gene-cluster-1|AAD_000239	t15_fai-gene-cluster-1|AAQ_000218, t15_fai-gene-cluster-1|AAQ_000219	t16_fai-gene-cluster-1|ABA_000215	t17_fai-gene-cluster-1|AAO_000256	t18_fai-gene-cluster-1|AAY_000178	t19_fai-gene-cluster-1|AAR_000230	t1_fai-gene-cluster-1|AAI_000162	t20_fai-gene-cluster-1|AAN_000161	t21_fai-gene-cluster-1|AAS_000206	t22_fai-gene-cluster-1|AAU_000215	t23_fai-gene-cluster-1|ABC_000154	t24_fai-gene-cluster-1|AAH_000176	t25_fai-gene-cluster-1|AAG_000180	t26_fai-gene-cluster-1|AAM_000238	t27_fai-gene-cluster-1|AAP_000212	t28_fai-gene-cluster-1|AAF_000170	t29_fai-gene-cluster-1|ABE_000215	t2_fai-gene-cluster-1|AAJ_000198	t30_fai-gene-cluster-1|AAL_000181	t3_fai-gene-cluster-1|AAK_000209	t4_fai-gene-cluster-1|ABD_000250	t5_fai-gene-cluster-1|AAW_000210	t6_fai-gene-cluster-1|AAX_000181	t7_fai-gene-cluster-1|AAC_000180	t8_fai-gene-cluster-1|AAE_000254	t9_fai-gene-cluster-1|AAZ_000176
OG_36	Ref_Epa_from_V583_fai-gene-cluster-1|AAB_000143	t10_fai-gene-cluster-1|ABB_000199, t10_fai-gene-cluster-1|ABB_000200, t10_fai-gene-cluster-1|ABB_000201	t11_fai-gene-cluster-1|AAV_000187	t12_fai-gene-cluster-1|AAA_000170	t13_fai-gene-cluster-1|AAT_000186, t13_fai-gene-cluster-1|AAT_000187, t13_fai-gene-cluster-1|AAT_000188	t14_fai-gene-cluster-1|AAD_000240	t15_fai-gene-cluster-1|AAQ_000221, t15_fai-gene-cluster-1|AAQ_000222	t16_fai-gene-cluster-1|ABA_000216, t16_fai-gene-cluster-1|ABA_000217	t17_fai-gene-cluster-1|AAO_000257, t17_fai-gene-cluster-1|AAO_000258	t18_fai-gene-cluster-1|AAY_000179	t19_fai-gene-cluster-1|AAR_000231	t1_fai-gene-cluster-1|AAI_000163	t20_fai-gene-cluster-1|AAN_000162	t21_fai-gene-cluster-1|AAS_000207	t22_fai-gene-cluster-1|AAU_000216	t23_fai-gene-cluster-1|ABC_000155, t23_fai-gene-cluster-1|ABC_000156	t24_fai-gene-cluster-1|AAH_000177	t25_fai-gene-cluster-1|AAG_000181, t25_fai-gene-cluster-1|AAG_000182, t25_fai-gene-cluster-1|AAG_000183	t26_fai-gene-cluster-1|AAM_000239, t26_fai-gene-cluster-1|AAM_000240	t27_fai-gene-cluster-1|AAP_000213, t27_fai-gene-cluster-1|AAP_000214	t28_fai-gene-cluster-1|AAF_000171	t29_fai-gene-cluster-1|ABE_000216, t29_fai-gene-cluster-1|ABE_000217	t2_fai-gene-cluster-1|AAJ_000199, t2_fai-gene-cluster-1|AAJ_000200	t30_fai-gene-cluster-1|AAL_000182, t30_fai-gene-cluster-1|AAL_000183	t3_fai-gene-cluster-1|AAK_000210	t4_fai-gene-cluster-1|ABD_000251, t4_fai-gene-cluster-1|ABD_000252, t4_fai-gene-cluster-1|ABD_000253	t5_fai-gene-cluster-1|AAW_000212, t5_fai-gene-cluster-1|AAW_000213	t6_fai-gene-cluster-1|AAX_000182, t6_fai-gene-cluster-1|AAX_000183	t7_fai-gene-cluster-1|AAC_000181, t7_fai-gene-cluster-1|AAC_000182	t8_fai-gene-cluster-1|AAE_000256, t8_fai-gene-cluster-1|AAE_000257	t9_fai-gene-cluster-1|AAZ_000177
OG_37	Ref_Epa_from_V583_fai-gene-cluster-1|AAB_000144	t10_fai-gene-cluster-1|ABB_000202	t11_fai-gene-cluster-1|AAV_000188	t12_fai-gene-cluster-1|AAA_000171, t12_fai-gene-cluster-1|AAA_000172	t13_fai-gene-cluster-1|AAT_000189	t14_fai-gene-cluster-1|AAD_000241	t15_fai-gene-cluster-1|AAQ_000223	t16_fai-gene-cluster-1|ABA_000218, t16_fai-gene-cluster-1|ABA_000219	t17_fai-gene-cluster-1|AAO_000259	t18_fai-gene-cluster-1|AAY_000180	t19_fai-gene-cluster-1|AAR_000232	t1_fai-gene-cluster-1|AAI_000164	t20_fai-gene-cluster-1|AAN_000163	t21_fai-gene-cluster-1|AAS_000208	t22_fai-gene-cluster-1|AAU_000217, t22_fai-gene-cluster-1|AAU_000218	t23_fai-gene-cluster-1|ABC_000157	t24_fai-gene-cluster-1|AAH_000178, t24_fai-gene-cluster-1|AAH_000179	t25_fai-gene-cluster-1|AAG_000184	t26_fai-gene-cluster-1|AAM_000241, t26_fai-gene-cluster-1|AAM_000243	t27_fai-gene-cluster-1|AAP_000215	t28_fai-gene-cluster-1|AAF_000172, t28_fai-gene-cluster-1|AAF_000173	t29_fai-gene-cluster-1|ABE_000218, t29_fai-gene-cluster-1|ABE_000219	t2_fai-gene-cluster-1|AAJ_000201	t30_fai-gene-cluster-1|AAL_000184	t3_fai-gene-cluster-1|AAK_000211, t3_fai-gene-cluster-1|AAK_000212	t4_fai-gene-cluster-1|ABD_000254	t5_fai-gene-cluster-1|AAW_000214, t5_fai-gene-cluster-1|AAW_000215	t6_fai-gene-cluster-1|AAX_000184	t7_fai-gene-cluster-1|AAC_000183	t8_fai-gene-cluster-1|AAE_000258, t8_fai-gene-cluster-1|AAE_000259	t9_fai-gene-cluster-1|AAZ_000178, t9_fai-gene-cluster-1|AAZ_000179
OG_38	Ref_Epa_from_V583_fai-gene-cluster-1|AAB_000145	t10_fai-gene-cluster-1|ABB_000203	t11_fai-gene-cluster-1|AAV_000189	t12_fai-gene-cluster-1|AAA_000173	t13_fai-gene-cluster-1|AAT_000190	t14_fai-gene-cluster-1|AAD_000242	t15_fai-gene-cluster-1|AAQ_000224	t16_fai-gene-cluster-1|ABA_000220, t16_fai-gene-cluster-1|ABA_000221	t17_fai-gene-cluster-1|AAO_000260	t18_fai-gene-cluster-1|AAY_000181	t19_fai-gene-cluster-1|AAR_000233	t1_fai-gene-cluster-1|AAI_000165	t20_fai-gene-cluster-1|AAN_000164	t21_fai-gene-cluster-1|AAS_000209	t22_fai-gene-cluster-1|AAU_000219	t23_fai-gene-cluster-1|ABC_000158	t24_fai-gene-cluster-1|AAH_000180	t25_fai-gene-cluster-1|AAG_000185	t26_fai-gene-cluster-1|AAM_000244	t27_fai-gene-cluster-1|AAP_000216	t28_fai-gene-cluster-1|AAF_000174	t29_fai-gene-cluster-1|ABE_000220	t2_fai-gene-cluster-1|AAJ_000202	t30_fai-gene-cluster-1|AAL_000185	t3_fai-gene-cluster-1|AAK_000213	t4_fai-gene-cluster-1|ABD_000255, t4_fai-gene-cluster-1|ABD_000256	t5_fai-gene-cluster-1|AAW_000216	t6_fai-gene-cluster-1|AAX_000185	t7_fai-gene-cluster-1|AAC_000184	t8_fai-gene-cluster-1|AAE_000260	t9_fai-gene-cluster-1|AAZ_000180
OG_39	Ref_Epa_from_V583_fai-gene-cluster-1|AAB_000110	t10_fai-gene-cluster-1|ABB_000147, t10_fai-gene-cluster-1|ABB_000148	t11_fai-gene-cluster-1|AAV_000140, t11_fai-gene-cluster-1|AAV_000141	t12_fai-gene-cluster-1|AAA_000126, t12_fai-gene-cluster-1|AAA_000127	t13_fai-gene-cluster-1|AAT_000139	t14_fai-gene-cluster-1|AAD_000179, t14_fai-gene-cluster-1|AAD_000180	t15_fai-gene-cluster-1|AAQ_000173	t16_fai-gene-cluster-1|ABA_000161	t17_fai-gene-cluster-1|AAO_000189, t17_fai-gene-cluster-1|AAO_000191	t18_fai-gene-cluster-1|AAY_000131, t18_fai-gene-cluster-1|AAY_000132	t19_fai-gene-cluster-1|AAR_000171, t19_fai-gene-cluster-1|AAR_000173	t1_fai-gene-cluster-1|AAI_000121	t20_fai-gene-cluster-1|AAN_000124	t21_fai-gene-cluster-1|AAS_000155	t22_fai-gene-cluster-1|AAU_000163	t23_fai-gene-cluster-1|ABC_000118	t24_fai-gene-cluster-1|AAH_000131, t24_fai-gene-cluster-1|AAH_000132	t25_fai-gene-cluster-1|AAG_000136	t26_fai-gene-cluster-1|AAM_000180	t27_fai-gene-cluster-1|AAP_000163	t28_fai-gene-cluster-1|AAF_000125, t28_fai-gene-cluster-1|AAF_000126	t29_fai-gene-cluster-1|ABE_000164	t2_fai-gene-cluster-1|AAJ_000151, t2_fai-gene-cluster-1|AAJ_000152	t30_fai-gene-cluster-1|AAL_000134, t30_fai-gene-cluster-1|AAL_000135	t3_fai-gene-cluster-1|AAK_000159	t4_fai-gene-cluster-1|ABD_000182		t6_fai-gene-cluster-1|AAX_000135, t6_fai-gene-cluster-1|AAX_000136	t7_fai-gene-cluster-1|AAC_000137	t8_fai-gene-cluster-1|AAE_000184, t8_fai-gene-cluster-1|AAE_000186	t9_fai-gene-cluster-1|AAZ_000129, t9_fai-gene-cluster-1|AAZ_000130
OG_40	Ref_Epa_from_V583_fai-gene-cluster-1|AAB_000111	t10_fai-gene-cluster-1|ABB_000150	t11_fai-gene-cluster-1|AAV_000142	t12_fai-gene-cluster-1|AAA_000128	t13_fai-gene-cluster-1|AAT_000140	t14_fai-gene-cluster-1|AAD_000181, t14_fai-gene-cluster-1|AAD_000182	t15_fai-gene-cluster-1|AAQ_000174	t16_fai-gene-cluster-1|ABA_000162, t16_fai-gene-cluster-1|ABA_000163	t17_fai-gene-cluster-1|AAO_000192, t17_fai-gene-cluster-1|AAO_000193	t18_fai-gene-cluster-1|AAY_000133	t19_fai-gene-cluster-1|AAR_000174, t19_fai-gene-cluster-1|AAR_000175	t1_fai-gene-cluster-1|AAI_000122	t20_fai-gene-cluster-1|AAN_000125, t20_fai-gene-cluster-1|AAN_000126	t21_fai-gene-cluster-1|AAS_000156, t21_fai-gene-cluster-1|AAS_000157	t22_fai-gene-cluster-1|AAU_000164	t23_fai-gene-cluster-1|ABC_000119	t24_fai-gene-cluster-1|AAH_000133	t25_fai-gene-cluster-1|AAG_000137	t26_fai-gene-cluster-1|AAM_000181	t27_fai-gene-cluster-1|AAP_000164, t27_fai-gene-cluster-1|AAP_000165, t27_fai-gene-cluster-1|AAP_000166	t28_fai-gene-cluster-1|AAF_000127	t29_fai-gene-cluster-1|ABE_000165	t2_fai-gene-cluster-1|AAJ_000153, t2_fai-gene-cluster-1|AAJ_000154	t30_fai-gene-cluster-1|AAL_000136	t3_fai-gene-cluster-1|AAK_000160	t4_fai-gene-cluster-1|ABD_000184	t5_fai-gene-cluster-1|AAW_000160	t6_fai-gene-cluster-1|AAX_000137, t6_fai-gene-cluster-1|AAX_000138	t7_fai-gene-cluster-1|AAC_000138	t8_fai-gene-cluster-1|AAE_000187	t9_fai-gene-cluster-1|AAZ_000131
OG_41	Ref_Epa_from_V583_fai-gene-cluster-1|AAB_000112	t10_fai-gene-cluster-1|ABB_000151, t10_fai-gene-cluster-1|ABB_000152	t11_fai-gene-cluster-1|AAV_000143	t12_fai-gene-cluster-1|AAA_000130	t13_fai-gene-cluster-1|AAT_000142, t13_fai-gene-cluster-1|AAT_000143	t14_fai-gene-cluster-1|AAD_000183	t15_fai-gene-cluster-1|AAQ_000175	t16_fai-gene-cluster-1|ABA_000165, t16_fai-gene-cluster-1|ABA_000166	t17_fai-gene-cluster-1|AAO_000195, t17_fai-gene-cluster-1|AAO_000196	t18_fai-gene-cluster-1|AAY_000134	t19_fai-gene-cluster-1|AAR_000177, t19_fai-gene-cluster-1|AAR_000178	t1_fai-gene-cluster-1|AAI_000124	t20_fai-gene-cluster-1|AAN_000128	t21_fai-gene-cluster-1|AAS_000158	t22_fai-gene-cluster-1|AAU_000166	t23_fai-gene-cluster-1|ABC_000121	t24_fai-gene-cluster-1|AAH_000134	t25_fai-gene-cluster-1|AAG_000139, t25_fai-gene-cluster-1|AAG_000140	t26_fai-gene-cluster-1|AAM_000182	t27_fai-gene-cluster-1|AAP_000167	t28_fai-gene-cluster-1|AAF_000128	t29_fai-gene-cluster-1|ABE_000166	t2_fai-gene-cluster-1|AAJ_000155, t2_fai-gene-cluster-1|AAJ_000156	t30_fai-gene-cluster-1|AAL_000137	t3_fai-gene-cluster-1|AAK_000161	t4_fai-gene-cluster-1|ABD_000185, t4_fai-gene-cluster-1|ABD_000186	t5_fai-gene-cluster-1|AAW_000161	t6_fai-gene-cluster-1|AAX_000139, t6_fai-gene-cluster-1|AAX_000140	t7_fai-gene-cluster-1|AAC_000140, t7_fai-gene-cluster-1|AAC_000141	t8_fai-gene-cluster-1|AAE_000189, t8_fai-gene-cluster-1|AAE_000190	t9_fai-gene-cluster-1|AAZ_000132
OG_42			t11_fai-gene-cluster-1|AAV_000150	t12_fai-gene-cluster-1|AAA_000137		t14_fai-gene-cluster-1|AAD_000192, t14_fai-gene-cluster-1|AAD_000222	t15_fai-gene-cluster-1|AAQ_000182, t15_fai-gene-cluster-1|AAQ_000202	t16_fai-gene-cluster-1|ABA_000174	t17_fai-gene-cluster-1|AAO_000238		t19_fai-gene-cluster-1|AAR_000187	t1_fai-gene-cluster-1|AAI_000130		t21_fai-gene-cluster-1|AAS_000167					t26_fai-gene-cluster-1|AAM_000192		t28_fai-gene-cluster-1|AAF_000156	t29_fai-gene-cluster-1|ABE_000175			t3_fai-gene-cluster-1|AAK_000170	t4_fai-gene-cluster-1|ABD_000199	t5_fai-gene-cluster-1|AAW_000170			t8_fai-gene-cluster-1|AAE_000235	
OG_43			t11_fai-gene-cluster-1|AAV_000161	t12_fai-gene-cluster-1|AAA_000146	t13_fai-gene-cluster-1|AAT_000163	t14_fai-gene-cluster-1|AAD_000205		t16_fai-gene-cluster-1|ABA_000189	t17_fai-gene-cluster-1|AAO_000217	t18_fai-gene-cluster-1|AAY_000156	t19_fai-gene-cluster-1|AAR_000199	t1_fai-gene-cluster-1|AAI_000139		t21_fai-gene-cluster-1|AAS_000183	t22_fai-gene-cluster-1|AAU_000192			t25_fai-gene-cluster-1|AAG_000157		t27_fai-gene-cluster-1|AAP_000186		t29_fai-gene-cluster-1|ABE_000192	t2_fai-gene-cluster-1|AAJ_000175	t30_fai-gene-cluster-1|AAL_000155	t3_fai-gene-cluster-1|AAK_000183	t4_fai-gene-cluster-1|ABD_000216	t5_fai-gene-cluster-1|AAW_000185	t6_fai-gene-cluster-1|AAX_000157	t7_fai-gene-cluster-1|AAC_000159	t8_fai-gene-cluster-1|AAE_000215	
OG_44											t19_fai-gene-cluster-1|AAR_000203							t25_fai-gene-cluster-1|AAG_000160			t28_fai-gene-cluster-1|AAF_000147					t4_fai-gene-cluster-1|ABD_000221, t4_fai-gene-cluster-1|ABD_000222					
OG_45						t14_fai-gene-cluster-1|AAD_000212	t15_fai-gene-cluster-1|AAQ_000194		t17_fai-gene-cluster-1|AAO_000227		t19_fai-gene-cluster-1|AAR_000205	t1_fai-gene-cluster-1|AAI_000143					t24_fai-gene-cluster-1|AAH_000154													t8_fai-gene-cluster-1|AAE_000224	
OG_46		t10_fai-gene-cluster-1|ABB_000176	t11_fai-gene-cluster-1|AAV_000164			t14_fai-gene-cluster-1|AAD_000215	t15_fai-gene-cluster-1|AAQ_000196	t16_fai-gene-cluster-1|ABA_000196	t17_fai-gene-cluster-1|AAO_000231		t19_fai-gene-cluster-1|AAR_000209			t21_fai-gene-cluster-1|AAS_000189	t22_fai-gene-cluster-1|AAU_000196		t24_fai-gene-cluster-1|AAH_000156		t26_fai-gene-cluster-1|AAM_000212	t27_fai-gene-cluster-1|AAP_000193	t28_fai-gene-cluster-1|AAF_000150	t29_fai-gene-cluster-1|ABE_000195	t2_fai-gene-cluster-1|AAJ_000179		t3_fai-gene-cluster-1|AAK_000189	t4_fai-gene-cluster-1|ABD_000226	t5_fai-gene-cluster-1|AAW_000190			t8_fai-gene-cluster-1|AAE_000228	t9_fai-gene-cluster-1|AAZ_000156
OG_47									t17_fai-gene-cluster-1|AAO_000190		t19_fai-gene-cluster-1|AAR_000172															t4_fai-gene-cluster-1|ABD_000183				t8_fai-gene-cluster-1|AAE_000185	
OG_48		t10_fai-gene-cluster-1|ABB_000183									t19_fai-gene-cluster-1|AAR_000220																			t8_fai-gene-cluster-1|AAE_000241	
OG_49				t12_fai-gene-cluster-1|AAA_000129	t13_fai-gene-cluster-1|AAT_000141			t16_fai-gene-cluster-1|ABA_000164	t17_fai-gene-cluster-1|AAO_000194		t19_fai-gene-cluster-1|AAR_000176	t1_fai-gene-cluster-1|AAI_000123	t20_fai-gene-cluster-1|AAN_000127		t22_fai-gene-cluster-1|AAU_000165	t23_fai-gene-cluster-1|ABC_000120		t25_fai-gene-cluster-1|AAG_000138											t7_fai-gene-cluster-1|AAC_000139	t8_fai-gene-cluster-1|AAE_000188	
OG_50												t1_fai-gene-cluster-1|AAI_000156																t6_fai-gene-cluster-1|AAX_000175			
OG_51					t13_fai-gene-cluster-1|AAT_000145	t14_fai-gene-cluster-1|AAD_000185	t15_fai-gene-cluster-1|AAQ_000177		t17_fai-gene-cluster-1|AAO_000198		t19_fai-gene-cluster-1|AAR_000180	t1_fai-gene-cluster-1|AAI_000126	t20_fai-gene-cluster-1|AAN_000130	t21_fai-gene-cluster-1|AAS_000160	t22_fai-gene-cluster-1|AAU_000169	t23_fai-gene-cluster-1|ABC_000123	t24_fai-gene-cluster-1|AAH_000136	t25_fai-gene-cluster-1|AAG_000142	t26_fai-gene-cluster-1|AAM_000184	t27_fai-gene-cluster-1|AAP_000169, t27_fai-gene-cluster-1|AAP_000170	t28_fai-gene-cluster-1|AAF_000130	t29_fai-gene-cluster-1|ABE_000168		t30_fai-gene-cluster-1|AAL_000139	t3_fai-gene-cluster-1|AAK_000163	t4_fai-gene-cluster-1|ABD_000189	t5_fai-gene-cluster-1|AAW_000163	t6_fai-gene-cluster-1|AAX_000142	t7_fai-gene-cluster-1|AAC_000143	t8_fai-gene-cluster-1|AAE_000192	t9_fai-gene-cluster-1|AAZ_000134
OG_52														t21_fai-gene-cluster-1|AAS_000165						t27_fai-gene-cluster-1|AAP_000175											
OG_53		t10_fai-gene-cluster-1|ABB_000180			t13_fai-gene-cluster-1|AAT_000150	t14_fai-gene-cluster-1|AAD_000191		t16_fai-gene-cluster-1|ABA_000173	t17_fai-gene-cluster-1|AAO_000204					t21_fai-gene-cluster-1|AAS_000166	t22_fai-gene-cluster-1|AAU_000175	t23_fai-gene-cluster-1|ABC_000128		t25_fai-gene-cluster-1|AAG_000147	t26_fai-gene-cluster-1|AAM_000191			t29_fai-gene-cluster-1|ABE_000174			t3_fai-gene-cluster-1|AAK_000169	t4_fai-gene-cluster-1|ABD_000197	t5_fai-gene-cluster-1|AAW_000169			t8_fai-gene-cluster-1|AAE_000199	
OG_54								t16_fai-gene-cluster-1|ABA_000178						t21_fai-gene-cluster-1|AAS_000171							t28_fai-gene-cluster-1|AAF_000138										
OG_55								t16_fai-gene-cluster-1|ABA_000182						t21_fai-gene-cluster-1|AAS_000176	t22_fai-gene-cluster-1|AAU_000184												t5_fai-gene-cluster-1|AAW_000179			t8_fai-gene-cluster-1|AAE_000207	
OG_56														t21_fai-gene-cluster-1|AAS_000178	t22_fai-gene-cluster-1|AAU_000186				t26_fai-gene-cluster-1|AAM_000202			t29_fai-gene-cluster-1|ABE_000186			t3_fai-gene-cluster-1|AAK_000178	t4_fai-gene-cluster-1|ABD_000209				t8_fai-gene-cluster-1|AAE_000209	
OG_57															t22_fai-gene-cluster-1|AAU_000172				t26_fai-gene-cluster-1|AAM_000187			t29_fai-gene-cluster-1|ABE_000171			t3_fai-gene-cluster-1|AAK_000166	t4_fai-gene-cluster-1|ABD_000193	t5_fai-gene-cluster-1|AAW_000166				
OG_58						t14_fai-gene-cluster-1|AAD_000190		t16_fai-gene-cluster-1|ABA_000172	t17_fai-gene-cluster-1|AAO_000203						t22_fai-gene-cluster-1|AAU_000174				t26_fai-gene-cluster-1|AAM_000190			t29_fai-gene-cluster-1|ABE_000173			t3_fai-gene-cluster-1|AAK_000168	t4_fai-gene-cluster-1|ABD_000196	t5_fai-gene-cluster-1|AAW_000168			t8_fai-gene-cluster-1|AAE_000198	
OG_59					t13_fai-gene-cluster-1|AAT_000138		t15_fai-gene-cluster-1|AAQ_000172								t22_fai-gene-cluster-1|AAU_000162		t24_fai-gene-cluster-1|AAH_000130	t25_fai-gene-cluster-1|AAG_000135			t28_fai-gene-cluster-1|AAF_000124								t7_fai-gene-cluster-1|AAC_000136		t9_fai-gene-cluster-1|AAZ_000128
OG_60					t13_fai-gene-cluster-1|AAT_000149													t25_fai-gene-cluster-1|AAG_000146											t7_fai-gene-cluster-1|AAC_000147		
OG_61		t10_fai-gene-cluster-1|ABB_000175			t13_fai-gene-cluster-1|AAT_000167	t14_fai-gene-cluster-1|AAD_000214	t15_fai-gene-cluster-1|AAQ_000195	t16_fai-gene-cluster-1|ABA_000195	t17_fai-gene-cluster-1|AAO_000230	t18_fai-gene-cluster-1|AAY_000159	t19_fai-gene-cluster-1|AAR_000208	t1_fai-gene-cluster-1|AAI_000144	t20_fai-gene-cluster-1|AAN_000145	t21_fai-gene-cluster-1|AAS_000187, t21_fai-gene-cluster-1|AAS_000188		t23_fai-gene-cluster-1|ABC_000138	t24_fai-gene-cluster-1|AAH_000155	t25_fai-gene-cluster-1|AAG_000162		t27_fai-gene-cluster-1|AAP_000192	t28_fai-gene-cluster-1|AAF_000149		t2_fai-gene-cluster-1|AAJ_000178		t3_fai-gene-cluster-1|AAK_000188			t6_fai-gene-cluster-1|AAX_000161	t7_fai-gene-cluster-1|AAC_000163	t8_fai-gene-cluster-1|AAE_000227	t9_fai-gene-cluster-1|AAZ_000155
OG_62	Ref_Epa_from_V583_fai-gene-cluster-1|AAB_000118	t10_fai-gene-cluster-1|ABB_000160	t11_fai-gene-cluster-1|AAV_000151	t12_fai-gene-cluster-1|AAA_000138	t13_fai-gene-cluster-1|AAT_000151	t14_fai-gene-cluster-1|AAD_000193, t14_fai-gene-cluster-1|AAD_000194	t15_fai-gene-cluster-1|AAQ_000183, t15_fai-gene-cluster-1|AAQ_000184	t16_fai-gene-cluster-1|ABA_000175	t17_fai-gene-cluster-1|AAO_000205, t17_fai-gene-cluster-1|AAO_000206	t18_fai-gene-cluster-1|AAY_000142	t19_fai-gene-cluster-1|AAR_000188	t1_fai-gene-cluster-1|AAI_000131	t20_fai-gene-cluster-1|AAN_000135	t21_fai-gene-cluster-1|AAS_000168	t22_fai-gene-cluster-1|AAU_000176	t23_fai-gene-cluster-1|ABC_000129	t24_fai-gene-cluster-1|AAH_000142	t25_fai-gene-cluster-1|AAG_000148	t26_fai-gene-cluster-1|AAM_000193, t26_fai-gene-cluster-1|AAM_000194	t27_fai-gene-cluster-1|AAP_000176	t28_fai-gene-cluster-1|AAF_000136	t29_fai-gene-cluster-1|ABE_000176, t29_fai-gene-cluster-1|ABE_000177	t2_fai-gene-cluster-1|AAJ_000164	t30_fai-gene-cluster-1|AAL_000145	t3_fai-gene-cluster-1|AAK_000171	t4_fai-gene-cluster-1|ABD_000200	t5_fai-gene-cluster-1|AAW_000171, t5_fai-gene-cluster-1|AAW_000172	t6_fai-gene-cluster-1|AAX_000149	t7_fai-gene-cluster-1|AAC_000149	t8_fai-gene-cluster-1|AAE_000201, t8_fai-gene-cluster-1|AAE_000202	t9_fai-gene-cluster-1|AAZ_000142
OG_63																				t27_fai-gene-cluster-1|AAP_000158						t4_fai-gene-cluster-1|ABD_000178	t5_fai-gene-cluster-1|AAW_000156				
OG_64		t10_fai-gene-cluster-1|ABB_000185	t11_fai-gene-cluster-1|AAV_000177		t13_fai-gene-cluster-1|AAT_000177		t15_fai-gene-cluster-1|AAQ_000208	t16_fai-gene-cluster-1|ABA_000204		t18_fai-gene-cluster-1|AAY_000169, t18_fai-gene-cluster-1|AAY_000170		t1_fai-gene-cluster-1|AAI_000152	t20_fai-gene-cluster-1|AAN_000153	t21_fai-gene-cluster-1|AAS_000198	t22_fai-gene-cluster-1|AAU_000205	t23_fai-gene-cluster-1|ABC_000146		t25_fai-gene-cluster-1|AAG_000172	t26_fai-gene-cluster-1|AAM_000225	t27_fai-gene-cluster-1|AAP_000203		t29_fai-gene-cluster-1|ABE_000206	t2_fai-gene-cluster-1|AAJ_000189	t30_fai-gene-cluster-1|AAL_000172	t3_fai-gene-cluster-1|AAK_000199	t4_fai-gene-cluster-1|ABD_000240	t5_fai-gene-cluster-1|AAW_000201	t6_fai-gene-cluster-1|AAX_000171	t7_fai-gene-cluster-1|AAC_000172		
OG_65			t11_fai-gene-cluster-1|AAV_000153	t12_fai-gene-cluster-1|AAA_000140				t16_fai-gene-cluster-1|ABA_000179		t18_fai-gene-cluster-1|AAY_000146					t22_fai-gene-cluster-1|AAU_000182		t24_fai-gene-cluster-1|AAH_000145				t28_fai-gene-cluster-1|AAF_000140	t29_fai-gene-cluster-1|ABE_000183	t2_fai-gene-cluster-1|AAJ_000169	t30_fai-gene-cluster-1|AAL_000147	t3_fai-gene-cluster-1|AAK_000175	t4_fai-gene-cluster-1|ABD_000206	t5_fai-gene-cluster-1|AAW_000177				t9_fai-gene-cluster-1|AAZ_000147
OG_66		t10_fai-gene-cluster-1|ABB_000144	t11_fai-gene-cluster-1|AAV_000137		t13_fai-gene-cluster-1|AAT_000136	t14_fai-gene-cluster-1|AAD_000174, t14_fai-gene-cluster-1|AAD_000175	t15_fai-gene-cluster-1|AAQ_000170	t16_fai-gene-cluster-1|ABA_000160	t17_fai-gene-cluster-1|AAO_000188	t18_fai-gene-cluster-1|AAY_000128	t19_fai-gene-cluster-1|AAR_000169			t21_fai-gene-cluster-1|AAS_000152	t22_fai-gene-cluster-1|AAU_000160	t23_fai-gene-cluster-1|ABC_000116		t25_fai-gene-cluster-1|AAG_000133	t26_fai-gene-cluster-1|AAM_000179	t27_fai-gene-cluster-1|AAP_000161		t29_fai-gene-cluster-1|ABE_000163	t2_fai-gene-cluster-1|AAJ_000148	t30_fai-gene-cluster-1|AAL_000131	t3_fai-gene-cluster-1|AAK_000157	t4_fai-gene-cluster-1|ABD_000181	t5_fai-gene-cluster-1|AAW_000159	t6_fai-gene-cluster-1|AAX_000132	t7_fai-gene-cluster-1|AAC_000134	t8_fai-gene-cluster-1|AAE_000183	
OG_67			t11_fai-gene-cluster-1|AAV_000173			t14_fai-gene-cluster-1|AAD_000226			t17_fai-gene-cluster-1|AAO_000241		t19_fai-gene-cluster-1|AAR_000217								t26_fai-gene-cluster-1|AAM_000220			t29_fai-gene-cluster-1|ABE_000201		t30_fai-gene-cluster-1|AAL_000168			t5_fai-gene-cluster-1|AAW_000196			t8_fai-gene-cluster-1|AAE_000238	t9_fai-gene-cluster-1|AAZ_000163
OG_68									t17_fai-gene-cluster-1|AAO_000186								t24_fai-gene-cluster-1|AAH_000126									t4_fai-gene-cluster-1|ABD_000176	t5_fai-gene-cluster-1|AAW_000154			t8_fai-gene-cluster-1|AAE_000180	t9_fai-gene-cluster-1|AAZ_000124
OG_69				t12_fai-gene-cluster-1|AAA_000148		t14_fai-gene-cluster-1|AAD_000208, t14_fai-gene-cluster-1|AAD_000209	t15_fai-gene-cluster-1|AAQ_000192	t16_fai-gene-cluster-1|ABA_000192	t17_fai-gene-cluster-1|AAO_000223, t17_fai-gene-cluster-1|AAO_000224		t19_fai-gene-cluster-1|AAR_000202	t1_fai-gene-cluster-1|AAI_000141		t21_fai-gene-cluster-1|AAS_000185					t26_fai-gene-cluster-1|AAM_000208	t27_fai-gene-cluster-1|AAP_000190						t4_fai-gene-cluster-1|ABD_000219, t4_fai-gene-cluster-1|ABD_000220	t5_fai-gene-cluster-1|AAW_000188			t8_fai-gene-cluster-1|AAE_000220, t8_fai-gene-cluster-1|AAE_000221	
OG_70																											t5_fai-gene-cluster-1|AAW_000211			t8_fai-gene-cluster-1|AAE_000255	
OG_71						t14_fai-gene-cluster-1|AAD_000213			t17_fai-gene-cluster-1|AAO_000228, t17_fai-gene-cluster-1|AAO_000229		t19_fai-gene-cluster-1|AAR_000206, t19_fai-gene-cluster-1|AAR_000207		t20_fai-gene-cluster-1|AAN_000144												t3_fai-gene-cluster-1|AAK_000186, t3_fai-gene-cluster-1|AAK_000187			t6_fai-gene-cluster-1|AAX_000160		t8_fai-gene-cluster-1|AAE_000225, t8_fai-gene-cluster-1|AAE_000226	
OG_72						t14_fai-gene-cluster-1|AAD_000207			t17_fai-gene-cluster-1|AAO_000221																				t7_fai-gene-cluster-1|AAC_000161	t8_fai-gene-cluster-1|AAE_000218	
OG_73		t10_fai-gene-cluster-1|ABB_000145												t21_fai-gene-cluster-1|AAS_000153									t2_fai-gene-cluster-1|AAJ_000149					t6_fai-gene-cluster-1|AAX_000133			
OG_74		t10_fai-gene-cluster-1|ABB_000191															t24_fai-gene-cluster-1|AAH_000171		t26_fai-gene-cluster-1|AAM_000231		t28_fai-gene-cluster-1|AAF_000165			t30_fai-gene-cluster-1|AAL_000176							t9_fai-gene-cluster-1|AAZ_000171
OG_75						t14_fai-gene-cluster-1|AAD_000171			t17_fai-gene-cluster-1|AAO_000185																					t8_fai-gene-cluster-1|AAE_000179	
OG_76		t10_fai-gene-cluster-1|ABB_000162			t13_fai-gene-cluster-1|AAT_000153	t14_fai-gene-cluster-1|AAD_000197	t15_fai-gene-cluster-1|AAQ_000186		t17_fai-gene-cluster-1|AAO_000209		t19_fai-gene-cluster-1|AAR_000191			t21_fai-gene-cluster-1|AAS_000172	t22_fai-gene-cluster-1|AAU_000179			t25_fai-gene-cluster-1|AAG_000150	t26_fai-gene-cluster-1|AAM_000198			t29_fai-gene-cluster-1|ABE_000180	t2_fai-gene-cluster-1|AAJ_000167			t4_fai-gene-cluster-1|ABD_000202, t4_fai-gene-cluster-1|ABD_000203	t5_fai-gene-cluster-1|AAW_000175		t7_fai-gene-cluster-1|AAC_000151	t8_fai-gene-cluster-1|AAE_000205	t9_fai-gene-cluster-1|AAZ_000145
OG_77									t17_fai-gene-cluster-1|AAO_000219																					t8_fai-gene-cluster-1|AAE_000217	
OG_78									t17_fai-gene-cluster-1|AAO_000222																					t8_fai-gene-cluster-1|AAE_000219	
OG_79									t17_fai-gene-cluster-1|AAO_000233															t30_fai-gene-cluster-1|AAL_000159						t8_fai-gene-cluster-1|AAE_000230	
OG_80			t11_fai-gene-cluster-1|AAV_000165			t14_fai-gene-cluster-1|AAD_000217			t17_fai-gene-cluster-1|AAO_000234		t19_fai-gene-cluster-1|AAR_000211						t24_fai-gene-cluster-1|AAH_000158				t28_fai-gene-cluster-1|AAF_000152			t30_fai-gene-cluster-1|AAL_000160						t8_fai-gene-cluster-1|AAE_000231	
OG_81		t10_fai-gene-cluster-1|ABB_000142		t12_fai-gene-cluster-1|AAA_000123					t17_fai-gene-cluster-1|AAO_000184																					t8_fai-gene-cluster-1|AAE_000178	
OG_82		t10_fai-gene-cluster-1|ABB_000195				t14_fai-gene-cluster-1|AAD_000237	t15_fai-gene-cluster-1|AAQ_000216	t16_fai-gene-cluster-1|ABA_000213	t17_fai-gene-cluster-1|AAO_000253		t19_fai-gene-cluster-1|AAR_000228			t21_fai-gene-cluster-1|AAS_000204	t22_fai-gene-cluster-1|AAU_000213				t26_fai-gene-cluster-1|AAM_000235	t27_fai-gene-cluster-1|AAP_000210		t29_fai-gene-cluster-1|ABE_000213	t2_fai-gene-cluster-1|AAJ_000196		t3_fai-gene-cluster-1|AAK_000207	t4_fai-gene-cluster-1|ABD_000248	t5_fai-gene-cluster-1|AAW_000208	t6_fai-gene-cluster-1|AAX_000179		t8_fai-gene-cluster-1|AAE_000251	
OG_83										t18_fai-gene-cluster-1|AAY_000149																					
OG_84											t19_fai-gene-cluster-1|AAR_000193																				
OG_85															t22_fai-gene-cluster-1|AAU_000167																
OG_86																t23_fai-gene-cluster-1|ABC_000127															
OG_87																			t26_fai-gene-cluster-1|AAM_000242												
OG_88																				t27_fai-gene-cluster-1|AAP_000189											
OG_89																				t27_fai-gene-cluster-1|AAP_000201											
OG_90																				t27_fai-gene-cluster-1|AAP_000162											
OG_91																								t30_fai-gene-cluster-1|AAL_000186							
OG_92																									t3_fai-gene-cluster-1|AAK_000194						
OG_93																										t4_fai-gene-cluster-1|ABD_000188					
OG_94																										t4_fai-gene-cluster-1|ABD_000198					
OG_95																											t5_fai-gene-cluster-1|AAW_000186				
OG_96																											t5_fai-gene-cluster-1|AAW_000198				
OG_97		t10_fai-gene-cluster-1|ABB_000149																													
OG_98																														t8_fai-gene-cluster-1|AAE_000200	
OG_99																														t8_fai-gene-cluster-1|AAE_000232	
OG_100					t13_fai-gene-cluster-1|AAT_000159																										
OG_101							t15_fai-gene-cluster-1|AAQ_000220																								
OG_102									t17_fai-gene-cluster-1|AAO_000220																						
